effector,area_end_mm2,AUC,AGR_mean,AGR_max,RGR_mean,RGR_peak,RGR_final,time_to_10mm2
BM00001,-0.11700585649081173,-0.34108438291985455,-0.263720997435607,-0.5222130400379755,0.02589422861288452,-0.2472439397209012,-0.8109083823464082,-0.4006230617316151
BM00002,0.3058829166093815,0.3406720767228924,0.3283792615194134,0.9235119647903826,-0.56123977908123,0.5770180705735037,0.052623098058102495,-0.42591596540715365
BM00003,-0.7985354055763757,-0.6371592007392926,-0.8835361405165781,-0.8082090586849568,-0.3176833826310925,-0.9014995214400401,-0.9186152498865394,-0.07171128447225866
BM00004,-1.9445786663907365,-1.435217824221856,-1.0403425165468672,-0.9484585660034921,-0.15344599248460902,-1.0193784228047686,-1.7077805005946107,-0.588866551240262
BM00006,0.6008244137761954,0.6906809381540575,0.48209464260445056,0.5186854418324449,0.2101055710521987,-0.4850988624992409,-0.003900449930653022,-0.49733413896387757
BM00007,0.42351481823655557,-0.09700639459285665,0.5150654061283355,0.41671165176212976,0.11347931091084107,-0.47784249952019736,0.18300792478464717,-0.18595748321114788
BM00008,-0.16880080440169806,0.34176946406260417,-0.32071204229822814,-0.5308192782447504,-0.6396910802350051,-0.23643429258135157,-1.4600518897191104,-0.23644606832654644
BM00009,0.6113719854644293,0.6723656326470187,0.5707740032301951,0.5003946613100606,-0.31490442801354523,-0.7761524457670786,-0.7672602524009411,-0.7552994803700472
BM00010,0.15561663807111473,0.7869790786672715,0.08646995391572611,0.004501583289220921,0.46691518778611013,0.8662963529927,-1.610176852991655,-0.6120789060363526
BM00011,0.6190070017344481,0.5385362453081437,0.4225523224288383,0.07877868506181658,0.28480545180952616,-0.016564819820097044,-0.8808472946627558,0.004139160202447336
BM00012,-0.6353557633740154,-0.48105853118634295,-0.27022107693201874,-0.24298069748696322,0.13108180905469755,-0.14325133948754382,0.6314210090965972,0.2702047685773549
BM00014,-0.27807927481654865,0.10396089308969356,-0.39235379812646876,-0.4004896363400952,-0.7079656183732062,-0.6271405979091926,-0.8592599067629381,-0.1304323679051741
BM00015,-0.45468089376509757,-0.31048208546271694,-0.4468466644839762,-0.3413398564328161,-0.5558801864688848,-0.5252562553796956,-1.0062184752375827,-0.26723328514088857
BM00016,0.48931124509623336,0.3705567203809365,0.16265793297376796,0.27699504999912405,0.4468047697544499,0.8726800439142348,-0.17415629919839096,-0.027534624965216647
BM00017,-0.3185571202995653,-0.07342977160549462,-0.4560311039624352,-0.6272079454129366,-0.41208716835542214,-0.5422341687564826,-0.21165646894660034,-0.3647264667686271
BM00018,-0.4209699231140352,-1.261348290625122,0.8780863292868699,1.0094690789147867,1.620976420918802,1.940185467470882,1.713414779305793,0.7201730364099764
BM00019,-0.058494482794190124,0.43381857320988987,-0.16658936991334403,-0.42953970707255706,-0.2837323056506175,-0.6478021851689042,-0.5635418886032446,-0.5569774676491932
BM00020,-1.3533868343589743,-1.198314126598381,-1.4628077310541714,-1.5256755901071857,-0.46515709217442786,-0.20651062008704615,0.5010391753701108,-0.10963149383446669
BM00021,-0.7501454857471798,-0.7311485410032261,-0.8243627955528722,-0.6362447165109629,0.16371755840965016,-0.07474609524495918,-1.1447480670442374,0.11742419914839337
BM00022,0.03643830870597352,0.26592365615358954,0.09320350573561062,-0.0669743828148321,0.22326492820615637,0.6969312403941197,-0.6259755966418752,-0.9486156167210174
BM00023,-0.587524065160545,-0.747069415615929,-0.7858806411476388,-0.5194188098851006,0.35150877202931363,-0.23024421493435374,-0.20769697235538426,0.17602776866547684
BM00024,-0.3241358963336545,-0.7375584386689762,-0.4693083151693236,-0.7085741497112733,-0.5955189779784434,-0.5018521766217392,1.9530513714528586,0.2635291621931556
BM00025,-0.5667155010258659,-0.496713044532344,-0.6896914580274894,-0.6202709797517347,0.5485603703185462,1.6332586875607096,0.337503313732194,0.006529562399749354
BM00027,0.13963311487654223,0.17237537093992963,0.18412009921754693,-0.4034720520755554,-0.9473114837210371,-0.6385941729109944,0.08654255189892042,-0.7892536576340604
BM00028,-0.2996588126419163,0.042992483345577495,-0.04364075317478105,0.10614755225982321,-0.21071534111624599,-0.5225606503137535,-1.6425362542970259,-0.639213175699659
BM00029,-1.342085775406737,-1.0358667910323716,0.029655543085962275,-0.38802645691836996,0.8370894772938156,1.0189053014472715,-1.8823658792003932,1.9132531151768293
BM00030,-1.4082234421878304,-1.5887415787688333,-1.587240441413422,-1.2901038671364788,-0.9284809420930435,-0.3843630621517872,0.8522103363408392,1.006768219872697
BM00031,-0.3273738408429946,-0.5284695299796968,-0.27190217411818424,-0.12425749545824494,0.7354369855578925,-0.015119932669845687,0.822892821073011,0.17756939332112184
BM00032,1.1423841180772998,1.3826031321023033,0.8763303062973997,1.2493074339096546,-0.13873600068816938,-0.2343868154997433,-1.843650646623777,-0.5780383760863932
BM00033,-0.7933327624928335,-0.9253608387343221,-0.9467152175608654,-0.8212622053553594,-0.35087068081816974,-0.24179988546759004,0.1807582283443148,0.09883447053868535
BM00034,0.19715783881685417,-0.27233042511884925,0.09815796455326771,0.544447361194066,0.7449402285941777,0.14765173874619447,0.9142487908243174,-0.1029660600105824
BM00035,0.9798623221798841,0.29473808180364225,0.643646619177967,0.2272488745318247,0.8436888967879407,1.173124812774909,-0.7210756045024034,-0.1946877071476593
BM00036,1.2012761010014357,1.2375487125065554,1.178820298655563,1.010156933903417,0.06434225995683354,-0.43994396086502646,-1.4197973537991568,-0.3572177991844628
BM00037,0.6456530799288324,1.2677573762552077,0.16860025555834024,-0.04008730403702508,-0.17740099749056737,-0.4317734386445966,-0.1037482617928836,-0.7183473275338691
BM00038,0.5209775983290776,0.6048600621880448,0.4285100932362751,0.6432523230417609,-0.2982936952819561,-0.8857347735419328,0.08071209813493417,-0.08808781898932273
BM00039,-0.8833819875346166,-0.928803531880238,-1.0686405807450503,-0.8264295935481608,1.963353498302844,2.8508960971135857,1.001009520811379,0.13250997156038855
BM00042,0.6765247897619396,0.3115441653596001,0.49284407505325517,0.908011872892781,-0.6010893787032089,-1.0163600898068796,-0.23443176134838478,-0.4884825491051183
BM00044,-0.6550178483356318,-1.1618746266272337,-0.7136152044449852,-0.49307428641569445,0.3553069955053603,-0.7017088950422051,1.2352030928375248,0.10701232280651032
BM00045,-0.040869907438726906,-0.13573767015811367,-0.09514943440805411,-0.00034249321276560004,1.056731633354175,0.29541763163546375,1.1011926848724185,-0.13009080400753914
BM00046,0.850523388693641,0.41106395297990583,0.7983646190412411,0.43078761747532746,-0.5540549149834031,-0.6727295591101132,-0.771073457302706,-0.44363273708588463
BM00051,0.002653411322230784,0.1936203299160323,-0.07004159422481412,-0.23471548285604696,-0.15283846891110933,0.5472225054978539,-0.5858767182056588,-0.22930792782110812
BM00052,-1.4327138493258504,-1.3242931061424352,-1.5840503453654402,-1.5282302327633293,-0.001273452624389884,1.119604909769359,0.35866375655395355,0.3273524591210472
BM00053,-2.4035406923018106,-2.450812921188979,-2.5792239640178916,-2.486426505263843,-0.9171695737589262,-0.215585766238271,0.6176977484476825,3.4506699275979367
BM00055,1.1069873060555604,0.9905552188082313,0.8812674400188837,0.9628411830614646,-0.45977027499840367,-0.870548355630205,0.9201980737494962,-0.43597450648519287
BM00056,1.0740835039154288,0.7689514535557372,1.1997459077263295,0.6896914529529007,0.10219758123304905,-0.9481230502273662,-0.33279754107223153,-0.34767487063375246
BM00057,1.0941876592195334,0.9995150447783409,1.0909074344317848,0.7231278028645263,0.02416347807040521,-0.3563738574585512,0.17581602650162012,-0.34621550356714487
BM00058,-0.3040000369038756,-0.8566794251137311,-0.12500325517984537,0.03515133550735096,0.0069293941394809365,-0.6094210534696592,2.5478066077764288,0.22376862283783916
BM00059,0.5436777592711421,-0.20757859900922268,0.5074691420842594,-0.020547169660077236,0.43774850619722994,0.2002089439289023,-0.585968308323807,-0.15648272094574384
BM00060,0.22448919626955813,0.5574993027437863,0.12134670736003865,0.24074396151762115,0.24307259458639424,-0.23383517715014873,-0.44425373070474095,-0.18911772328451443
BM00061,-0.4347866844911935,-0.4549094687242961,-0.5136745003745286,-0.2302447331279787,0.340334689508699,0.28877294142313226,0.4363861222037944,0.0464891746432324
BM00062,0.08559367099954722,0.28073485481048294,0.21239178018058597,0.03916898427517326,1.2504276067487916,0.04690361017810201,0.45659768160566894,-0.3178337870443535
BM00063,0.22830976981699644,0.08460395125104413,0.10830322361432913,0.10130478411140112,0.21948460048188018,-0.2650295084786656,-0.07870032474645527,-0.29705881597902895
BM00064,1.1026577571123566,0.5602659717742302,0.9532192647466725,0.7498166008958455,-0.3001546528357666,-0.5993904787823722,-0.10862510312280621,-0.6543445530382077
BM00065,0.8264865233125859,0.5996537312996109,0.5673727235801779,0.3619492103657433,0.40339959634478123,-0.1148763447694062,-0.2511532889669317,-0.12200186698118422
BM00067,-0.8458400858722476,1.2952040830198985,0.36989689593233543,1.4121327633413512,0.4909024686260112,0.12689482891759854,-0.03136955271980421,-0.15244488267405562
BM00068,-2.707166283415999,-2.7168594195100444,-2.868966522422349,-2.834999491204878,-4.837309123280542,-3.3323216485967158,0.923177277797249,4.2978729284083155
BM00071,0.14553646506622137,0.9295614565908709,0.058582527331648516,0.07350365785533397,0.03695851766604227,-0.25612310186617343,-0.23534773487176977,-0.44892452598745974
BM00073,-1.4817887583471963,-1.8944834785769884,-1.6704447025186664,-1.208605136733697,0.3110998129436931,0.6528076193230451,1.7938977834745322,0.2404196858197584
BM00075,0.5533865930384572,0.3308894891672103,0.49574712007626304,0.8234640373672735,1.8161753383901227,1.7108307758045054,-0.378455410668767,-0.2619397395252853
BM00076,1.4500278784061689,0.6435656004329153,1.6326242593904912,1.6166868321312253,-0.06208405454347639,-0.9026201108020162,0.48184745663860146,-0.4394672662714136
BM00077,2.244442696686675,1.5784607208443227,2.2793355336709267,2.4713974876718248,0.7354751450552143,-0.1987053633159198,1.1293335222012382,-0.21737700230436088
BM00078,0.35623840127906536,0.05576398951546205,0.42224002774219904,0.2328388437160009,1.1827125754739543,1.7175768307576684,2.100035011879171,0.3166183286467153
BM00079,1.7247724119595318,1.2641762481166408,1.9303339601034515,2.41540918838243,1.0631395700734632,0.8276106110395338,-0.18892404954968506,-0.17317716382098944
BM00080,0.7976223198082844,0.12608064882916553,0.7756953796676267,1.192055912018121,0.3966880587599775,-0.5492888444793398,0.7975595474621558,-0.625658913923442
BM00083,0.3985068464787317,0.7851805069947462,0.5021128776967654,0.05286178374927374,-0.3829134733253571,-0.2691528682378609,-0.25765849975561783,-0.7230366032245023
BM00084,-2.4542658250388585,-2.3228417987847623,-2.60968021096792,-2.552057400276208,-2.669163977417197,0.3501997538508022,2.182614540928641,3.1894662389924675
BM00085,1.5886588813126816,1.6079976815562744,1.2956687617650733,1.450387934473996,0.3862514818411307,0.1370474183482081,0.2875409757999408,-0.7351504881409134
BM00086,-0.028898042893772118,-0.1255781499887733,-0.053756215854393594,-0.058351935742357385,-0.04781687316378442,-0.4490647300094921,1.304188259668279,-0.2720708070327663
BM00088,-2.6079803269432484,-2.567723976490663,-2.774325623188499,-2.626529402615677,-3.671748339872646,-0.17736938326563198,-0.7200764882676818,4.2978729284083155
BM00090,1.0990062119970316,1.5996946014746782,1.2573575233094452,1.3490080056716167,0.24779275516187377,-0.45282827048344043,-1.696656783004899,-0.4375602811822135
BM00091,0.547055547025098,0.581368594567608,0.4717076875951569,0.29699756968428265,0.5802255347686562,1.3002031703923973,-1.0268493808140475,-0.3689316254330264
BM00092,-0.13144688326418488,0.14681200491718452,-0.10470907187232381,-0.5300028194168093,1.990281675610963,4.599760085357224,0.5752450469882732,-0.24074022130414652
BM00093,0.5841780550213164,0.7953822160907629,0.5042661387917555,-0.14353595654540766,0.1688642826700079,-0.008576035940356767,1.5335294387275606,-0.5676889297300858
Col-0,0.47107946431666414,1.507618738041968,0.5558575156637148,1.0179350976288253,-0.525892225703315,-0.48552136468747625,-0.9376499237641834,-0.8547494251927399
EmptyVector,0.9921476809075161,0.48622702755476893,1.0948514273102048,0.3104873666566481,-0.4599963273858723,-0.5138009766761166,-0.403263532214673,-0.5057826394374787
GFP,0.5215921293706134,1.0064053010730671,0.4265499715289012,0.30234855279273454,0.08006064559509059,-0.04512546487864636,-0.4338655383788454,-0.5543903791549039
