library_name	sample_alias	study_alias	genotype	phosphate	phosphate_uM	inoculation	replicate	concatenated_lanes	instrument	library_source	library_selection	library_strategy	layout	fq1	fq1_md5	fq1_bytes	fq2	fq2_md5	fq2_bytes	fq1_src	fq2_src	sample_title	sample_description	md5_source	study_accession	sample_accession
r2310_1	Saskia_r2310_1	Saskia_PHO2_AM_RNAseq	WT	LP	25	mock	1	yes	Illumina NovaSeq 6000	TRANSCRIPTOMIC	Oligo-dT	RNA-Seq	PAIRED	r2310_1_EKRN230074688-1A_1.fq.gz	79ef2126eb945555efb3cf1d4d5488a7	1577689853	r2310_1_EKRN230074688-1A_2.fq.gz	43d7c1ab0552193923f1e706537a1fa9	1605744820	/rds/user/cx264/hpc-work/project/2.Jeongmin/01.Saskia/1.data/X204SC23091440-Z01-F002_02/01.RawData/r2310_1/r2310_1_EKRN230074688-1A_1.fq.gz	/rds/user/cx264/hpc-work/project/2.Jeongmin/01.Saskia/1.data/X204SC23091440-Z01-F002_02/01.RawData/r2310_1/r2310_1_EKRN230074688-1A_2.fq.gz	Oryza sativa Nipponbare WT root, low phosphate (25 uM), mock inoculation (water), replicate 1	Rice (Oryza sativa L. ssp. Japonica cv. Nipponbare) root RNA-seq. Genotype: wild type. Grown in autoclaved silica 14/25 sand in a CONVIRON EVO chamber (12 h light/12 h dark, 350 uE m-2 s-1, 28/20 C, 65% RH). Seedlings watered with RO water for one week, then fertilised twice weekly with half-strength Hoagland solution at 25 uM phosphate (LP) plus 0.01% (w/v) Sequestrene Rapid iron supplement. Mock inoculated with RO water. Biological replicate 1 (experimental batch 1). Organism part: root. Collection date: 2023-10. Geographic location: United Kingdom (Crop Science Centre, University of Cambridge). mRNA library (oligo-dT), 150 bp paired-end, Illumina NovaSeq 6000, Novogene (Cambridge, UK). Library name: r2310_1. This library was sequenced on two NovaSeq 6000 flow cells (HWT7HDSX7 and H2WFLDSXC); the two lanes were concatenated into a single FASTQ pair before submission.	computed	PRJEB125245	ERS31241328
r2310_2	Saskia_r2310_2	Saskia_PHO2_AM_RNAseq	WT	LP	25	mock	2	no	Illumina NovaSeq 6000	TRANSCRIPTOMIC	Oligo-dT	RNA-Seq	PAIRED	r2310_2_EKRN230074689-1A_HWT7HDSX7_L2_1.fq.gz	98e2c3e344d31c317272c476c9077ed9	2527252556	r2310_2_EKRN230074689-1A_HWT7HDSX7_L2_2.fq.gz	a8477e9d8c06e12fcec9fc888dd05c12	2593537353	/rds/user/cx264/hpc-work/project/2.Jeongmin/01.Saskia/1.data/X204SC23091440-Z01-F002_02/01.RawData/r2310_2/r2310_2_EKRN230074689-1A_HWT7HDSX7_L2_1.fq.gz	/rds/user/cx264/hpc-work/project/2.Jeongmin/01.Saskia/1.data/X204SC23091440-Z01-F002_02/01.RawData/r2310_2/r2310_2_EKRN230074689-1A_HWT7HDSX7_L2_2.fq.gz	Oryza sativa Nipponbare WT root, low phosphate (25 uM), mock inoculation (water), replicate 2	Rice (Oryza sativa L. ssp. Japonica cv. Nipponbare) root RNA-seq. Genotype: wild type. Grown in autoclaved silica 14/25 sand in a CONVIRON EVO chamber (12 h light/12 h dark, 350 uE m-2 s-1, 28/20 C, 65% RH). Seedlings watered with RO water for one week, then fertilised twice weekly with half-strength Hoagland solution at 25 uM phosphate (LP) plus 0.01% (w/v) Sequestrene Rapid iron supplement. Mock inoculated with RO water. Biological replicate 2 (experimental batch 2). Organism part: root. Collection date: 2023-10. Geographic location: United Kingdom (Crop Science Centre, University of Cambridge). mRNA library (oligo-dT), 150 bp paired-end, Illumina NovaSeq 6000, Novogene (Cambridge, UK). Library name: r2310_2.	novogene	PRJEB125245	ERS31241329
r2310_3	Saskia_r2310_3	Saskia_PHO2_AM_RNAseq	WT	LP	25	mock	3	no	Illumina NovaSeq 6000	TRANSCRIPTOMIC	Oligo-dT	RNA-Seq	PAIRED	r2310_3_EKRN230074690-1A_HWT7HDSX7_L2_1.fq.gz	8e07cb981a798a5d13553bb2ebf4f823	2932195085	r2310_3_EKRN230074690-1A_HWT7HDSX7_L2_2.fq.gz	f9e648dd80ba0f595178fc61d4f6ea12	2990552258	/rds/user/cx264/hpc-work/project/2.Jeongmin/01.Saskia/1.data/X204SC23091440-Z01-F002_02/01.RawData/r2310_3/r2310_3_EKRN230074690-1A_HWT7HDSX7_L2_1.fq.gz	/rds/user/cx264/hpc-work/project/2.Jeongmin/01.Saskia/1.data/X204SC23091440-Z01-F002_02/01.RawData/r2310_3/r2310_3_EKRN230074690-1A_HWT7HDSX7_L2_2.fq.gz	Oryza sativa Nipponbare WT root, low phosphate (25 uM), mock inoculation (water), replicate 3	Rice (Oryza sativa L. ssp. Japonica cv. Nipponbare) root RNA-seq. Genotype: wild type. Grown in autoclaved silica 14/25 sand in a CONVIRON EVO chamber (12 h light/12 h dark, 350 uE m-2 s-1, 28/20 C, 65% RH). Seedlings watered with RO water for one week, then fertilised twice weekly with half-strength Hoagland solution at 25 uM phosphate (LP) plus 0.01% (w/v) Sequestrene Rapid iron supplement. Mock inoculated with RO water. Biological replicate 3 (experimental batch 3). Organism part: root. Collection date: 2023-10. Geographic location: United Kingdom (Crop Science Centre, University of Cambridge). mRNA library (oligo-dT), 150 bp paired-end, Illumina NovaSeq 6000, Novogene (Cambridge, UK). Library name: r2310_3.	novogene	PRJEB125245	ERS31241330
r2310_4	Saskia_r2310_4	Saskia_PHO2_AM_RNAseq	WT	LP	25	mock	4	no	Illumina NovaSeq 6000	TRANSCRIPTOMIC	Oligo-dT	RNA-Seq	PAIRED	r2310_4_EKRN230074691-1A_HWT7HDSX7_L2_1.fq.gz	da4b12a29b6a207d5c607dcbe9335388	2330613534	r2310_4_EKRN230074691-1A_HWT7HDSX7_L2_2.fq.gz	0bc6b89112bb4700b2eeb8e2aa7cb269	2401946904	/rds/user/cx264/hpc-work/project/2.Jeongmin/01.Saskia/1.data/X204SC23091440-Z01-F002_01/01.RawData/r2310_4/r2310_4_EKRN230074691-1A_HWT7HDSX7_L2_1.fq.gz	/rds/user/cx264/hpc-work/project/2.Jeongmin/01.Saskia/1.data/X204SC23091440-Z01-F002_01/01.RawData/r2310_4/r2310_4_EKRN230074691-1A_HWT7HDSX7_L2_2.fq.gz	Oryza sativa Nipponbare WT root, low phosphate (25 uM), mock inoculation (water), replicate 4	Rice (Oryza sativa L. ssp. Japonica cv. Nipponbare) root RNA-seq. Genotype: wild type. Grown in autoclaved silica 14/25 sand in a CONVIRON EVO chamber (12 h light/12 h dark, 350 uE m-2 s-1, 28/20 C, 65% RH). Seedlings watered with RO water for one week, then fertilised twice weekly with half-strength Hoagland solution at 25 uM phosphate (LP) plus 0.01% (w/v) Sequestrene Rapid iron supplement. Mock inoculated with RO water. Biological replicate 4 (experimental batch 4). Organism part: root. Collection date: 2023-10. Geographic location: United Kingdom (Crop Science Centre, University of Cambridge). mRNA library (oligo-dT), 150 bp paired-end, Illumina NovaSeq 6000, Novogene (Cambridge, UK). Library name: r2310_4.	novogene	PRJEB125245	ERS31241331
r2310_5	Saskia_r2310_5	Saskia_PHO2_AM_RNAseq	WT	LP	25	myc	1	no	Illumina NovaSeq 6000	TRANSCRIPTOMIC	Oligo-dT	RNA-Seq	PAIRED	r2310_5_EKRN230074692-1A_HWT7HDSX7_L2_1.fq.gz	c052000782b80a70572253ad536f9e27	2183784849	r2310_5_EKRN230074692-1A_HWT7HDSX7_L2_2.fq.gz	a768b9e7ed5fd4744a5a88b5f4f48ef8	2227472883	/rds/user/cx264/hpc-work/project/2.Jeongmin/01.Saskia/1.data/X204SC23091440-Z01-F002_01/01.RawData/r2310_5/r2310_5_EKRN230074692-1A_HWT7HDSX7_L2_1.fq.gz	/rds/user/cx264/hpc-work/project/2.Jeongmin/01.Saskia/1.data/X204SC23091440-Z01-F002_01/01.RawData/r2310_5/r2310_5_EKRN230074692-1A_HWT7HDSX7_L2_2.fq.gz	Oryza sativa Nipponbare WT root, low phosphate (25 uM), Rhizophagus irregularis (600 spores), replicate 1	Rice (Oryza sativa L. ssp. Japonica cv. Nipponbare) root RNA-seq. Genotype: wild type. Grown in autoclaved silica 14/25 sand in a CONVIRON EVO chamber (12 h light/12 h dark, 350 uE m-2 s-1, 28/20 C, 65% RH). Seedlings watered with RO water for one week, then fertilised twice weekly with half-strength Hoagland solution at 25 uM phosphate (LP) plus 0.01% (w/v) Sequestrene Rapid iron supplement. Inoculated with 600 freshly extracted Rhizophagus irregularis spores from hairy carrot root organ cultures. Biological replicate 1 (experimental batch 1). Organism part: root. Collection date: 2023-10. Geographic location: United Kingdom (Crop Science Centre, University of Cambridge). mRNA library (oligo-dT), 150 bp paired-end, Illumina NovaSeq 6000, Novogene (Cambridge, UK). Library name: r2310_5.	novogene	PRJEB125245	ERS31241332
r2310_6	Saskia_r2310_6	Saskia_PHO2_AM_RNAseq	WT	LP	25	myc	2	no	Illumina NovaSeq 6000	TRANSCRIPTOMIC	Oligo-dT	RNA-Seq	PAIRED	r2310_6_EKRN230074693-1A_HWT7HDSX7_L2_1.fq.gz	500d8c2515684cd33a15e202fb8e2423	1560229913	r2310_6_EKRN230074693-1A_HWT7HDSX7_L2_2.fq.gz	f98fc5010d89d5e903272195b21ec36a	1577634068	/rds/user/cx264/hpc-work/project/2.Jeongmin/01.Saskia/1.data/X204SC23091440-Z01-F002_01/01.RawData/r2310_6/r2310_6_EKRN230074693-1A_HWT7HDSX7_L2_1.fq.gz	/rds/user/cx264/hpc-work/project/2.Jeongmin/01.Saskia/1.data/X204SC23091440-Z01-F002_01/01.RawData/r2310_6/r2310_6_EKRN230074693-1A_HWT7HDSX7_L2_2.fq.gz	Oryza sativa Nipponbare WT root, low phosphate (25 uM), Rhizophagus irregularis (600 spores), replicate 2	Rice (Oryza sativa L. ssp. Japonica cv. Nipponbare) root RNA-seq. Genotype: wild type. Grown in autoclaved silica 14/25 sand in a CONVIRON EVO chamber (12 h light/12 h dark, 350 uE m-2 s-1, 28/20 C, 65% RH). Seedlings watered with RO water for one week, then fertilised twice weekly with half-strength Hoagland solution at 25 uM phosphate (LP) plus 0.01% (w/v) Sequestrene Rapid iron supplement. Inoculated with 600 freshly extracted Rhizophagus irregularis spores from hairy carrot root organ cultures. Biological replicate 2 (experimental batch 2). Organism part: root. Collection date: 2023-10. Geographic location: United Kingdom (Crop Science Centre, University of Cambridge). mRNA library (oligo-dT), 150 bp paired-end, Illumina NovaSeq 6000, Novogene (Cambridge, UK). Library name: r2310_6.	novogene	PRJEB125245	ERS31241333
r2310_7	Saskia_r2310_7	Saskia_PHO2_AM_RNAseq	WT	LP	25	myc	3	no	Illumina NovaSeq 6000	TRANSCRIPTOMIC	Oligo-dT	RNA-Seq	PAIRED	r2310_7_EKRN230074694-1A_HWT7HDSX7_L2_1.fq.gz	9083b72010aeae3136ce56c679698539	2730787475	r2310_7_EKRN230074694-1A_HWT7HDSX7_L2_2.fq.gz	880e38101b6f24bd30f11cf8760dfe6c	2785929751	/rds/user/cx264/hpc-work/project/2.Jeongmin/01.Saskia/1.data/X204SC23091440-Z01-F002_01/01.RawData/r2310_7/r2310_7_EKRN230074694-1A_HWT7HDSX7_L2_1.fq.gz	/rds/user/cx264/hpc-work/project/2.Jeongmin/01.Saskia/1.data/X204SC23091440-Z01-F002_01/01.RawData/r2310_7/r2310_7_EKRN230074694-1A_HWT7HDSX7_L2_2.fq.gz	Oryza sativa Nipponbare WT root, low phosphate (25 uM), Rhizophagus irregularis (600 spores), replicate 3	Rice (Oryza sativa L. ssp. Japonica cv. Nipponbare) root RNA-seq. Genotype: wild type. Grown in autoclaved silica 14/25 sand in a CONVIRON EVO chamber (12 h light/12 h dark, 350 uE m-2 s-1, 28/20 C, 65% RH). Seedlings watered with RO water for one week, then fertilised twice weekly with half-strength Hoagland solution at 25 uM phosphate (LP) plus 0.01% (w/v) Sequestrene Rapid iron supplement. Inoculated with 600 freshly extracted Rhizophagus irregularis spores from hairy carrot root organ cultures. Biological replicate 3 (experimental batch 3). Organism part: root. Collection date: 2023-10. Geographic location: United Kingdom (Crop Science Centre, University of Cambridge). mRNA library (oligo-dT), 150 bp paired-end, Illumina NovaSeq 6000, Novogene (Cambridge, UK). Library name: r2310_7.	novogene	PRJEB125245	ERS31241334
r2310_8	Saskia_r2310_8	Saskia_PHO2_AM_RNAseq	WT	LP	25	myc	4	yes	Illumina NovaSeq 6000	TRANSCRIPTOMIC	Oligo-dT	RNA-Seq	PAIRED	r2310_8_EKRN230074695-1A_1.fq.gz	5ff17d67f57124ef58f67af901617cf3	1686886344	r2310_8_EKRN230074695-1A_2.fq.gz	dbb348fc7ab0244ea33cd2d21ea2ff8c	1716523884	/rds/user/cx264/hpc-work/project/2.Jeongmin/01.Saskia/1.data/X204SC23091440-Z01-F002_01/01.RawData/r2310_8/r2310_8_EKRN230074695-1A_1.fq.gz	/rds/user/cx264/hpc-work/project/2.Jeongmin/01.Saskia/1.data/X204SC23091440-Z01-F002_01/01.RawData/r2310_8/r2310_8_EKRN230074695-1A_2.fq.gz	Oryza sativa Nipponbare WT root, low phosphate (25 uM), Rhizophagus irregularis (600 spores), replicate 4	Rice (Oryza sativa L. ssp. Japonica cv. Nipponbare) root RNA-seq. Genotype: wild type. Grown in autoclaved silica 14/25 sand in a CONVIRON EVO chamber (12 h light/12 h dark, 350 uE m-2 s-1, 28/20 C, 65% RH). Seedlings watered with RO water for one week, then fertilised twice weekly with half-strength Hoagland solution at 25 uM phosphate (LP) plus 0.01% (w/v) Sequestrene Rapid iron supplement. Inoculated with 600 freshly extracted Rhizophagus irregularis spores from hairy carrot root organ cultures. Biological replicate 4 (experimental batch 4). Organism part: root. Collection date: 2023-10. Geographic location: United Kingdom (Crop Science Centre, University of Cambridge). mRNA library (oligo-dT), 150 bp paired-end, Illumina NovaSeq 6000, Novogene (Cambridge, UK). Library name: r2310_8. This library was sequenced on two NovaSeq 6000 flow cells (HWT7HDSX7 and H2WFLDSXC); the two lanes were concatenated into a single FASTQ pair before submission.	computed	PRJEB125245	ERS31241335
r2310_9	Saskia_r2310_9	Saskia_PHO2_AM_RNAseq	pho2	LP	25	mock	1	no	Illumina NovaSeq 6000	TRANSCRIPTOMIC	Oligo-dT	RNA-Seq	PAIRED	r2310_9_EKRN230074696-1A_HWT7HDSX7_L2_1.fq.gz	507865f4748088d44507789625a6cc3a	2427480370	r2310_9_EKRN230074696-1A_HWT7HDSX7_L2_2.fq.gz	1482473071502e22c207010146a8e254	2498915292	/rds/user/cx264/hpc-work/project/2.Jeongmin/01.Saskia/1.data/X204SC23091440-Z01-F002_01/01.RawData/r2310_9/r2310_9_EKRN230074696-1A_HWT7HDSX7_L2_1.fq.gz	/rds/user/cx264/hpc-work/project/2.Jeongmin/01.Saskia/1.data/X204SC23091440-Z01-F002_01/01.RawData/r2310_9/r2310_9_EKRN230074696-1A_HWT7HDSX7_L2_2.fq.gz	Oryza sativa Nipponbare pho2 root, low phosphate (25 uM), mock inoculation (water), replicate 1	Rice (Oryza sativa L. ssp. Japonica cv. Nipponbare) root RNA-seq. Genotype: pho2 Tos17 insertion mutant of OsPHO2 (LOC_Os05g48390); allele not distinguished between pho2-1 (NF2586) and pho2-2 (NE9017). Grown in autoclaved silica 14/25 sand in a CONVIRON EVO chamber (12 h light/12 h dark, 350 uE m-2 s-1, 28/20 C, 65% RH). Seedlings watered with RO water for one week, then fertilised twice weekly with half-strength Hoagland solution at 25 uM phosphate (LP) plus 0.01% (w/v) Sequestrene Rapid iron supplement. Mock inoculated with RO water. Biological replicate 1 (experimental batch 1). Organism part: root. Collection date: 2023-10. Geographic location: United Kingdom (Crop Science Centre, University of Cambridge). mRNA library (oligo-dT), 150 bp paired-end, Illumina NovaSeq 6000, Novogene (Cambridge, UK). Library name: r2310_9.	novogene	PRJEB125245	ERS31241336
r2310_10	Saskia_r2310_10	Saskia_PHO2_AM_RNAseq	pho2	LP	25	mock	2	no	Illumina NovaSeq 6000	TRANSCRIPTOMIC	Oligo-dT	RNA-Seq	PAIRED	r2310_10_EKRN230074697-1A_HWT7HDSX7_L2_1.fq.gz	4a2b8e09d5ee1e9b00089a074008054f	2216790029	r2310_10_EKRN230074697-1A_HWT7HDSX7_L2_2.fq.gz	70583c556a11beb52c8cfbd62e00d4b3	2275094223	/rds/user/cx264/hpc-work/project/2.Jeongmin/01.Saskia/1.data/X204SC23091440-Z01-F002_02/01.RawData/r2310_10/r2310_10_EKRN230074697-1A_HWT7HDSX7_L2_1.fq.gz	/rds/user/cx264/hpc-work/project/2.Jeongmin/01.Saskia/1.data/X204SC23091440-Z01-F002_02/01.RawData/r2310_10/r2310_10_EKRN230074697-1A_HWT7HDSX7_L2_2.fq.gz	Oryza sativa Nipponbare pho2 root, low phosphate (25 uM), mock inoculation (water), replicate 2	Rice (Oryza sativa L. ssp. Japonica cv. Nipponbare) root RNA-seq. Genotype: pho2 Tos17 insertion mutant of OsPHO2 (LOC_Os05g48390); allele not distinguished between pho2-1 (NF2586) and pho2-2 (NE9017). Grown in autoclaved silica 14/25 sand in a CONVIRON EVO chamber (12 h light/12 h dark, 350 uE m-2 s-1, 28/20 C, 65% RH). Seedlings watered with RO water for one week, then fertilised twice weekly with half-strength Hoagland solution at 25 uM phosphate (LP) plus 0.01% (w/v) Sequestrene Rapid iron supplement. Mock inoculated with RO water. Biological replicate 2 (experimental batch 2). Organism part: root. Collection date: 2023-10. Geographic location: United Kingdom (Crop Science Centre, University of Cambridge). mRNA library (oligo-dT), 150 bp paired-end, Illumina NovaSeq 6000, Novogene (Cambridge, UK). Library name: r2310_10.	novogene	PRJEB125245	ERS31241337
r2310_11	Saskia_r2310_11	Saskia_PHO2_AM_RNAseq	pho2	LP	25	mock	3	no	Illumina NovaSeq 6000	TRANSCRIPTOMIC	Oligo-dT	RNA-Seq	PAIRED	r2310_11_EKRN230074698-1A_HWT7HDSX7_L2_1.fq.gz	46419f928058183b73f471a5e1ee775a	2196342523	r2310_11_EKRN230074698-1A_HWT7HDSX7_L2_2.fq.gz	aba130287401bff856d43bd4bcb46b70	2253360781	/rds/user/cx264/hpc-work/project/2.Jeongmin/01.Saskia/1.data/X204SC23091440-Z01-F002_02/01.RawData/r2310_11/r2310_11_EKRN230074698-1A_HWT7HDSX7_L2_1.fq.gz	/rds/user/cx264/hpc-work/project/2.Jeongmin/01.Saskia/1.data/X204SC23091440-Z01-F002_02/01.RawData/r2310_11/r2310_11_EKRN230074698-1A_HWT7HDSX7_L2_2.fq.gz	Oryza sativa Nipponbare pho2 root, low phosphate (25 uM), mock inoculation (water), replicate 3	Rice (Oryza sativa L. ssp. Japonica cv. Nipponbare) root RNA-seq. Genotype: pho2 Tos17 insertion mutant of OsPHO2 (LOC_Os05g48390); allele not distinguished between pho2-1 (NF2586) and pho2-2 (NE9017). Grown in autoclaved silica 14/25 sand in a CONVIRON EVO chamber (12 h light/12 h dark, 350 uE m-2 s-1, 28/20 C, 65% RH). Seedlings watered with RO water for one week, then fertilised twice weekly with half-strength Hoagland solution at 25 uM phosphate (LP) plus 0.01% (w/v) Sequestrene Rapid iron supplement. Mock inoculated with RO water. Biological replicate 3 (experimental batch 3). Organism part: root. Collection date: 2023-10. Geographic location: United Kingdom (Crop Science Centre, University of Cambridge). mRNA library (oligo-dT), 150 bp paired-end, Illumina NovaSeq 6000, Novogene (Cambridge, UK). Library name: r2310_11.	novogene	PRJEB125245	ERS31241338
r2310_12	Saskia_r2310_12	Saskia_PHO2_AM_RNAseq	pho2	LP	25	mock	4	no	Illumina NovaSeq 6000	TRANSCRIPTOMIC	Oligo-dT	RNA-Seq	PAIRED	r2310_12_EKRN230074699-1A_HWT7HDSX7_L2_1.fq.gz	648aa2240a95f14f2918955c12925978	2026495628	r2310_12_EKRN230074699-1A_HWT7HDSX7_L2_2.fq.gz	336aa87acbea8b469341ddaa08121ff5	2047216359	/rds/user/cx264/hpc-work/project/2.Jeongmin/01.Saskia/1.data/X204SC23091440-Z01-F002_02/01.RawData/r2310_12/r2310_12_EKRN230074699-1A_HWT7HDSX7_L2_1.fq.gz	/rds/user/cx264/hpc-work/project/2.Jeongmin/01.Saskia/1.data/X204SC23091440-Z01-F002_02/01.RawData/r2310_12/r2310_12_EKRN230074699-1A_HWT7HDSX7_L2_2.fq.gz	Oryza sativa Nipponbare pho2 root, low phosphate (25 uM), mock inoculation (water), replicate 4	Rice (Oryza sativa L. ssp. Japonica cv. Nipponbare) root RNA-seq. Genotype: pho2 Tos17 insertion mutant of OsPHO2 (LOC_Os05g48390); allele not distinguished between pho2-1 (NF2586) and pho2-2 (NE9017). Grown in autoclaved silica 14/25 sand in a CONVIRON EVO chamber (12 h light/12 h dark, 350 uE m-2 s-1, 28/20 C, 65% RH). Seedlings watered with RO water for one week, then fertilised twice weekly with half-strength Hoagland solution at 25 uM phosphate (LP) plus 0.01% (w/v) Sequestrene Rapid iron supplement. Mock inoculated with RO water. Biological replicate 4 (experimental batch 4). Organism part: root. Collection date: 2023-10. Geographic location: United Kingdom (Crop Science Centre, University of Cambridge). mRNA library (oligo-dT), 150 bp paired-end, Illumina NovaSeq 6000, Novogene (Cambridge, UK). Library name: r2310_12.	novogene	PRJEB125245	ERS31241339
r2310_13	Saskia_r2310_13	Saskia_PHO2_AM_RNAseq	pho2	LP	25	myc	1	no	Illumina NovaSeq 6000	TRANSCRIPTOMIC	Oligo-dT	RNA-Seq	PAIRED	r2310_13_EKRN230074700-1A_HWT7HDSX7_L2_1.fq.gz	7199a6438bb758abf46836f7dbcc25fc	2174895617	r2310_13_EKRN230074700-1A_HWT7HDSX7_L2_2.fq.gz	9b4f08392c42ca4ba107337cf74f2ecf	2206495806	/rds/user/cx264/hpc-work/project/2.Jeongmin/01.Saskia/1.data/X204SC23091440-Z01-F002_02/01.RawData/r2310_13/r2310_13_EKRN230074700-1A_HWT7HDSX7_L2_1.fq.gz	/rds/user/cx264/hpc-work/project/2.Jeongmin/01.Saskia/1.data/X204SC23091440-Z01-F002_02/01.RawData/r2310_13/r2310_13_EKRN230074700-1A_HWT7HDSX7_L2_2.fq.gz	Oryza sativa Nipponbare pho2 root, low phosphate (25 uM), Rhizophagus irregularis (600 spores), replicate 1	Rice (Oryza sativa L. ssp. Japonica cv. Nipponbare) root RNA-seq. Genotype: pho2 Tos17 insertion mutant of OsPHO2 (LOC_Os05g48390); allele not distinguished between pho2-1 (NF2586) and pho2-2 (NE9017). Grown in autoclaved silica 14/25 sand in a CONVIRON EVO chamber (12 h light/12 h dark, 350 uE m-2 s-1, 28/20 C, 65% RH). Seedlings watered with RO water for one week, then fertilised twice weekly with half-strength Hoagland solution at 25 uM phosphate (LP) plus 0.01% (w/v) Sequestrene Rapid iron supplement. Inoculated with 600 freshly extracted Rhizophagus irregularis spores from hairy carrot root organ cultures. Biological replicate 1 (experimental batch 1). Organism part: root. Collection date: 2023-10. Geographic location: United Kingdom (Crop Science Centre, University of Cambridge). mRNA library (oligo-dT), 150 bp paired-end, Illumina NovaSeq 6000, Novogene (Cambridge, UK). Library name: r2310_13.	novogene	PRJEB125245	ERS31241340
r2310_14	Saskia_r2310_14	Saskia_PHO2_AM_RNAseq	pho2	LP	25	myc	2	no	Illumina NovaSeq 6000	TRANSCRIPTOMIC	Oligo-dT	RNA-Seq	PAIRED	r2310_14_EKRN230074701-1A_HWT7HDSX7_L2_1.fq.gz	048d84f210b2621dbdf1e50738985624	2540302187	r2310_14_EKRN230074701-1A_HWT7HDSX7_L2_2.fq.gz	ad4b1890dd356b4fc39091a0c2264d8f	2576515098	/rds/user/cx264/hpc-work/project/2.Jeongmin/01.Saskia/1.data/X204SC23091440-Z01-F002_02/01.RawData/r2310_14/r2310_14_EKRN230074701-1A_HWT7HDSX7_L2_1.fq.gz	/rds/user/cx264/hpc-work/project/2.Jeongmin/01.Saskia/1.data/X204SC23091440-Z01-F002_02/01.RawData/r2310_14/r2310_14_EKRN230074701-1A_HWT7HDSX7_L2_2.fq.gz	Oryza sativa Nipponbare pho2 root, low phosphate (25 uM), Rhizophagus irregularis (600 spores), replicate 2	Rice (Oryza sativa L. ssp. Japonica cv. Nipponbare) root RNA-seq. Genotype: pho2 Tos17 insertion mutant of OsPHO2 (LOC_Os05g48390); allele not distinguished between pho2-1 (NF2586) and pho2-2 (NE9017). Grown in autoclaved silica 14/25 sand in a CONVIRON EVO chamber (12 h light/12 h dark, 350 uE m-2 s-1, 28/20 C, 65% RH). Seedlings watered with RO water for one week, then fertilised twice weekly with half-strength Hoagland solution at 25 uM phosphate (LP) plus 0.01% (w/v) Sequestrene Rapid iron supplement. Inoculated with 600 freshly extracted Rhizophagus irregularis spores from hairy carrot root organ cultures. Biological replicate 2 (experimental batch 2). Organism part: root. Collection date: 2023-10. Geographic location: United Kingdom (Crop Science Centre, University of Cambridge). mRNA library (oligo-dT), 150 bp paired-end, Illumina NovaSeq 6000, Novogene (Cambridge, UK). Library name: r2310_14.	novogene	PRJEB125245	ERS31241341
r2310_15	Saskia_r2310_15	Saskia_PHO2_AM_RNAseq	pho2	LP	25	myc	3	no	Illumina NovaSeq 6000	TRANSCRIPTOMIC	Oligo-dT	RNA-Seq	PAIRED	r2310_15_EKRN230074702-1A_HWT7HDSX7_L2_1.fq.gz	3aca0f4c394a676c63de5b761561bbd6	2299508684	r2310_15_EKRN230074702-1A_HWT7HDSX7_L2_2.fq.gz	f5fbcca94f48c6584796f8557e31103d	2329230475	/rds/user/cx264/hpc-work/project/2.Jeongmin/01.Saskia/1.data/X204SC23091440-Z01-F002_02/01.RawData/r2310_15/r2310_15_EKRN230074702-1A_HWT7HDSX7_L2_1.fq.gz	/rds/user/cx264/hpc-work/project/2.Jeongmin/01.Saskia/1.data/X204SC23091440-Z01-F002_02/01.RawData/r2310_15/r2310_15_EKRN230074702-1A_HWT7HDSX7_L2_2.fq.gz	Oryza sativa Nipponbare pho2 root, low phosphate (25 uM), Rhizophagus irregularis (600 spores), replicate 3	Rice (Oryza sativa L. ssp. Japonica cv. Nipponbare) root RNA-seq. Genotype: pho2 Tos17 insertion mutant of OsPHO2 (LOC_Os05g48390); allele not distinguished between pho2-1 (NF2586) and pho2-2 (NE9017). Grown in autoclaved silica 14/25 sand in a CONVIRON EVO chamber (12 h light/12 h dark, 350 uE m-2 s-1, 28/20 C, 65% RH). Seedlings watered with RO water for one week, then fertilised twice weekly with half-strength Hoagland solution at 25 uM phosphate (LP) plus 0.01% (w/v) Sequestrene Rapid iron supplement. Inoculated with 600 freshly extracted Rhizophagus irregularis spores from hairy carrot root organ cultures. Biological replicate 3 (experimental batch 3). Organism part: root. Collection date: 2023-10. Geographic location: United Kingdom (Crop Science Centre, University of Cambridge). mRNA library (oligo-dT), 150 bp paired-end, Illumina NovaSeq 6000, Novogene (Cambridge, UK). Library name: r2310_15.	novogene	PRJEB125245	ERS31241342
r2310_16	Saskia_r2310_16	Saskia_PHO2_AM_RNAseq	pho2	LP	25	myc	4	no	Illumina NovaSeq 6000	TRANSCRIPTOMIC	Oligo-dT	RNA-Seq	PAIRED	r2310_16_EKRN230074703-1A_HWT7HDSX7_L2_1.fq.gz	bab5707e452c0afb6cd50d4b7402f593	2307853776	r2310_16_EKRN230074703-1A_HWT7HDSX7_L2_2.fq.gz	095223594047f77aaef09e458555c521	2359083602	/rds/user/cx264/hpc-work/project/2.Jeongmin/01.Saskia/1.data/X204SC23091440-Z01-F002_02/01.RawData/r2310_16/r2310_16_EKRN230074703-1A_HWT7HDSX7_L2_1.fq.gz	/rds/user/cx264/hpc-work/project/2.Jeongmin/01.Saskia/1.data/X204SC23091440-Z01-F002_02/01.RawData/r2310_16/r2310_16_EKRN230074703-1A_HWT7HDSX7_L2_2.fq.gz	Oryza sativa Nipponbare pho2 root, low phosphate (25 uM), Rhizophagus irregularis (600 spores), replicate 4	Rice (Oryza sativa L. ssp. Japonica cv. Nipponbare) root RNA-seq. Genotype: pho2 Tos17 insertion mutant of OsPHO2 (LOC_Os05g48390); allele not distinguished between pho2-1 (NF2586) and pho2-2 (NE9017). Grown in autoclaved silica 14/25 sand in a CONVIRON EVO chamber (12 h light/12 h dark, 350 uE m-2 s-1, 28/20 C, 65% RH). Seedlings watered with RO water for one week, then fertilised twice weekly with half-strength Hoagland solution at 25 uM phosphate (LP) plus 0.01% (w/v) Sequestrene Rapid iron supplement. Inoculated with 600 freshly extracted Rhizophagus irregularis spores from hairy carrot root organ cultures. Biological replicate 4 (experimental batch 4). Organism part: root. Collection date: 2023-10. Geographic location: United Kingdom (Crop Science Centre, University of Cambridge). mRNA library (oligo-dT), 150 bp paired-end, Illumina NovaSeq 6000, Novogene (Cambridge, UK). Library name: r2310_16.	novogene	PRJEB125245	ERS31241343
r2310_17	Saskia_r2310_17	Saskia_PHO2_AM_RNAseq	WT	HP	250	mock	1	no	Illumina NovaSeq 6000	TRANSCRIPTOMIC	Oligo-dT	RNA-Seq	PAIRED	r2310_17_EKRN230074704-1A_HWT7HDSX7_L2_1.fq.gz	51450b6f419db8145faea19175db8449	2563629102	r2310_17_EKRN230074704-1A_HWT7HDSX7_L2_2.fq.gz	8220ab230627a384ab726a8f185edd43	2620697206	/rds/user/cx264/hpc-work/project/2.Jeongmin/01.Saskia/1.data/X204SC23091440-Z01-F002_02/01.RawData/r2310_17/r2310_17_EKRN230074704-1A_HWT7HDSX7_L2_1.fq.gz	/rds/user/cx264/hpc-work/project/2.Jeongmin/01.Saskia/1.data/X204SC23091440-Z01-F002_02/01.RawData/r2310_17/r2310_17_EKRN230074704-1A_HWT7HDSX7_L2_2.fq.gz	Oryza sativa Nipponbare WT root, high phosphate (250 uM), mock inoculation (water), replicate 1	Rice (Oryza sativa L. ssp. Japonica cv. Nipponbare) root RNA-seq. Genotype: wild type. Grown in autoclaved silica 14/25 sand in a CONVIRON EVO chamber (12 h light/12 h dark, 350 uE m-2 s-1, 28/20 C, 65% RH). Seedlings watered with RO water for one week, then fertilised twice weekly with half-strength Hoagland solution at 250 uM phosphate (HP) plus 0.01% (w/v) Sequestrene Rapid iron supplement. Mock inoculated with RO water. Biological replicate 1 (experimental batch 1). Organism part: root. Collection date: 2023-10. Geographic location: United Kingdom (Crop Science Centre, University of Cambridge). mRNA library (oligo-dT), 150 bp paired-end, Illumina NovaSeq 6000, Novogene (Cambridge, UK). Library name: r2310_17.	novogene	PRJEB125245	ERS31241344
r2310_18	Saskia_r2310_18	Saskia_PHO2_AM_RNAseq	WT	HP	250	mock	2	no	Illumina NovaSeq 6000	TRANSCRIPTOMIC	Oligo-dT	RNA-Seq	PAIRED	r2310_18_EKRN230074705-1A_HWT7HDSX7_L2_1.fq.gz	31c014e44b5c502f5a64c8ecc12acbc0	2430908342	r2310_18_EKRN230074705-1A_HWT7HDSX7_L2_2.fq.gz	c2269c2c7a48b84fc278ba6c537ec27e	2463260936	/rds/user/cx264/hpc-work/project/2.Jeongmin/01.Saskia/1.data/X204SC23091440-Z01-F002_02/01.RawData/r2310_18/r2310_18_EKRN230074705-1A_HWT7HDSX7_L2_1.fq.gz	/rds/user/cx264/hpc-work/project/2.Jeongmin/01.Saskia/1.data/X204SC23091440-Z01-F002_02/01.RawData/r2310_18/r2310_18_EKRN230074705-1A_HWT7HDSX7_L2_2.fq.gz	Oryza sativa Nipponbare WT root, high phosphate (250 uM), mock inoculation (water), replicate 2	Rice (Oryza sativa L. ssp. Japonica cv. Nipponbare) root RNA-seq. Genotype: wild type. Grown in autoclaved silica 14/25 sand in a CONVIRON EVO chamber (12 h light/12 h dark, 350 uE m-2 s-1, 28/20 C, 65% RH). Seedlings watered with RO water for one week, then fertilised twice weekly with half-strength Hoagland solution at 250 uM phosphate (HP) plus 0.01% (w/v) Sequestrene Rapid iron supplement. Mock inoculated with RO water. Biological replicate 2 (experimental batch 2). Organism part: root. Collection date: 2023-10. Geographic location: United Kingdom (Crop Science Centre, University of Cambridge). mRNA library (oligo-dT), 150 bp paired-end, Illumina NovaSeq 6000, Novogene (Cambridge, UK). Library name: r2310_18.	novogene	PRJEB125245	ERS31241345
r2310_19	Saskia_r2310_19	Saskia_PHO2_AM_RNAseq	WT	HP	250	mock	3	yes	Illumina NovaSeq 6000	TRANSCRIPTOMIC	Oligo-dT	RNA-Seq	PAIRED	r2310_19_EKRN230074706-1A_1.fq.gz	ef3c4ad728a0b09ee31d280861c49ac6	1665442899	r2310_19_EKRN230074706-1A_2.fq.gz	da9942503cdcb53468d5af6149ce3593	1690444888	/rds/user/cx264/hpc-work/project/2.Jeongmin/01.Saskia/1.data/X204SC23091440-Z01-F002_02/01.RawData/r2310_19/r2310_19_EKRN230074706-1A_1.fq.gz	/rds/user/cx264/hpc-work/project/2.Jeongmin/01.Saskia/1.data/X204SC23091440-Z01-F002_02/01.RawData/r2310_19/r2310_19_EKRN230074706-1A_2.fq.gz	Oryza sativa Nipponbare WT root, high phosphate (250 uM), mock inoculation (water), replicate 3	Rice (Oryza sativa L. ssp. Japonica cv. Nipponbare) root RNA-seq. Genotype: wild type. Grown in autoclaved silica 14/25 sand in a CONVIRON EVO chamber (12 h light/12 h dark, 350 uE m-2 s-1, 28/20 C, 65% RH). Seedlings watered with RO water for one week, then fertilised twice weekly with half-strength Hoagland solution at 250 uM phosphate (HP) plus 0.01% (w/v) Sequestrene Rapid iron supplement. Mock inoculated with RO water. Biological replicate 3 (experimental batch 3). Organism part: root. Collection date: 2023-10. Geographic location: United Kingdom (Crop Science Centre, University of Cambridge). mRNA library (oligo-dT), 150 bp paired-end, Illumina NovaSeq 6000, Novogene (Cambridge, UK). Library name: r2310_19. This library was sequenced on two NovaSeq 6000 flow cells (HWT7HDSX7 and H2WFLDSXC); the two lanes were concatenated into a single FASTQ pair before submission.	computed	PRJEB125245	ERS31241346
r2310_20	Saskia_r2310_20	Saskia_PHO2_AM_RNAseq	WT	HP	250	mock	4	no	Illumina NovaSeq 6000	TRANSCRIPTOMIC	Oligo-dT	RNA-Seq	PAIRED	r2310_20_EKRN230074707-1A_HWT7HDSX7_L2_1.fq.gz	2819c2d15e5e517c39082d780adfd0ba	2823161230	r2310_20_EKRN230074707-1A_HWT7HDSX7_L2_2.fq.gz	1412b3cead790c96b84d9a6675690fa8	2902601195	/rds/user/cx264/hpc-work/project/2.Jeongmin/01.Saskia/1.data/X204SC23091440-Z01-F002_02/01.RawData/r2310_20/r2310_20_EKRN230074707-1A_HWT7HDSX7_L2_1.fq.gz	/rds/user/cx264/hpc-work/project/2.Jeongmin/01.Saskia/1.data/X204SC23091440-Z01-F002_02/01.RawData/r2310_20/r2310_20_EKRN230074707-1A_HWT7HDSX7_L2_2.fq.gz	Oryza sativa Nipponbare WT root, high phosphate (250 uM), mock inoculation (water), replicate 4	Rice (Oryza sativa L. ssp. Japonica cv. Nipponbare) root RNA-seq. Genotype: wild type. Grown in autoclaved silica 14/25 sand in a CONVIRON EVO chamber (12 h light/12 h dark, 350 uE m-2 s-1, 28/20 C, 65% RH). Seedlings watered with RO water for one week, then fertilised twice weekly with half-strength Hoagland solution at 250 uM phosphate (HP) plus 0.01% (w/v) Sequestrene Rapid iron supplement. Mock inoculated with RO water. Biological replicate 4 (experimental batch 4). Organism part: root. Collection date: 2023-10. Geographic location: United Kingdom (Crop Science Centre, University of Cambridge). mRNA library (oligo-dT), 150 bp paired-end, Illumina NovaSeq 6000, Novogene (Cambridge, UK). Library name: r2310_20.	novogene	PRJEB125245	ERS31241347
r2310_21	Saskia_r2310_21	Saskia_PHO2_AM_RNAseq	WT	HP	250	myc	1	no	Illumina NovaSeq 6000	TRANSCRIPTOMIC	Oligo-dT	RNA-Seq	PAIRED	r2310_21_EKRN230074708-1A_HWT7HDSX7_L2_1.fq.gz	0dfe21b263027c2fed71fb89a679caf3	3152907361	r2310_21_EKRN230074708-1A_HWT7HDSX7_L2_2.fq.gz	ce26d4efa0c77b860300ff60456035a3	3253740615	/rds/user/cx264/hpc-work/project/2.Jeongmin/01.Saskia/1.data/X204SC23091440-Z01-F002_02/01.RawData/r2310_21/r2310_21_EKRN230074708-1A_HWT7HDSX7_L2_1.fq.gz	/rds/user/cx264/hpc-work/project/2.Jeongmin/01.Saskia/1.data/X204SC23091440-Z01-F002_02/01.RawData/r2310_21/r2310_21_EKRN230074708-1A_HWT7HDSX7_L2_2.fq.gz	Oryza sativa Nipponbare WT root, high phosphate (250 uM), Rhizophagus irregularis (600 spores), replicate 1	Rice (Oryza sativa L. ssp. Japonica cv. Nipponbare) root RNA-seq. Genotype: wild type. Grown in autoclaved silica 14/25 sand in a CONVIRON EVO chamber (12 h light/12 h dark, 350 uE m-2 s-1, 28/20 C, 65% RH). Seedlings watered with RO water for one week, then fertilised twice weekly with half-strength Hoagland solution at 250 uM phosphate (HP) plus 0.01% (w/v) Sequestrene Rapid iron supplement. Inoculated with 600 freshly extracted Rhizophagus irregularis spores from hairy carrot root organ cultures. Biological replicate 1 (experimental batch 1). Organism part: root. Collection date: 2023-10. Geographic location: United Kingdom (Crop Science Centre, University of Cambridge). mRNA library (oligo-dT), 150 bp paired-end, Illumina NovaSeq 6000, Novogene (Cambridge, UK). Library name: r2310_21.	novogene	PRJEB125245	ERS31241348
r2310_22	Saskia_r2310_22	Saskia_PHO2_AM_RNAseq	WT	HP	250	myc	2	no	Illumina NovaSeq 6000	TRANSCRIPTOMIC	Oligo-dT	RNA-Seq	PAIRED	r2310_22_EKRN230074709-1A_HWT7HDSX7_L3_1.fq.gz	ced68d8550508f6ca08720b049456e4b	1979058035	r2310_22_EKRN230074709-1A_HWT7HDSX7_L3_2.fq.gz	5e7a019f227b5e29453e510b9ee41bdc	2014422235	/rds/user/cx264/hpc-work/project/2.Jeongmin/01.Saskia/1.data/X204SC23091440-Z01-F002_02/01.RawData/r2310_22/r2310_22_EKRN230074709-1A_HWT7HDSX7_L3_1.fq.gz	/rds/user/cx264/hpc-work/project/2.Jeongmin/01.Saskia/1.data/X204SC23091440-Z01-F002_02/01.RawData/r2310_22/r2310_22_EKRN230074709-1A_HWT7HDSX7_L3_2.fq.gz	Oryza sativa Nipponbare WT root, high phosphate (250 uM), Rhizophagus irregularis (600 spores), replicate 2	Rice (Oryza sativa L. ssp. Japonica cv. Nipponbare) root RNA-seq. Genotype: wild type. Grown in autoclaved silica 14/25 sand in a CONVIRON EVO chamber (12 h light/12 h dark, 350 uE m-2 s-1, 28/20 C, 65% RH). Seedlings watered with RO water for one week, then fertilised twice weekly with half-strength Hoagland solution at 250 uM phosphate (HP) plus 0.01% (w/v) Sequestrene Rapid iron supplement. Inoculated with 600 freshly extracted Rhizophagus irregularis spores from hairy carrot root organ cultures. Biological replicate 2 (experimental batch 2). Organism part: root. Collection date: 2023-10. Geographic location: United Kingdom (Crop Science Centre, University of Cambridge). mRNA library (oligo-dT), 150 bp paired-end, Illumina NovaSeq 6000, Novogene (Cambridge, UK). Library name: r2310_22.	novogene	PRJEB125245	ERS31241349
r2310_23	Saskia_r2310_23	Saskia_PHO2_AM_RNAseq	WT	HP	250	myc	3	yes	Illumina NovaSeq 6000	TRANSCRIPTOMIC	Oligo-dT	RNA-Seq	PAIRED	r2310_23_EKRN230074710-1A_1.fq.gz	833ffdb59ce91e228c366dfc22ffec3f	1590686849	r2310_23_EKRN230074710-1A_2.fq.gz	c3bfd0b7f7f547c6aa8da066f363e6a5	1631745333	/rds/user/cx264/hpc-work/project/2.Jeongmin/01.Saskia/1.data/X204SC23091440-Z01-F002_02/01.RawData/r2310_23/r2310_23_EKRN230074710-1A_1.fq.gz	/rds/user/cx264/hpc-work/project/2.Jeongmin/01.Saskia/1.data/X204SC23091440-Z01-F002_02/01.RawData/r2310_23/r2310_23_EKRN230074710-1A_2.fq.gz	Oryza sativa Nipponbare WT root, high phosphate (250 uM), Rhizophagus irregularis (600 spores), replicate 3	Rice (Oryza sativa L. ssp. Japonica cv. Nipponbare) root RNA-seq. Genotype: wild type. Grown in autoclaved silica 14/25 sand in a CONVIRON EVO chamber (12 h light/12 h dark, 350 uE m-2 s-1, 28/20 C, 65% RH). Seedlings watered with RO water for one week, then fertilised twice weekly with half-strength Hoagland solution at 250 uM phosphate (HP) plus 0.01% (w/v) Sequestrene Rapid iron supplement. Inoculated with 600 freshly extracted Rhizophagus irregularis spores from hairy carrot root organ cultures. Biological replicate 3 (experimental batch 3). Organism part: root. Collection date: 2023-10. Geographic location: United Kingdom (Crop Science Centre, University of Cambridge). mRNA library (oligo-dT), 150 bp paired-end, Illumina NovaSeq 6000, Novogene (Cambridge, UK). Library name: r2310_23. This library was sequenced on two NovaSeq 6000 flow cells (HWT7HDSX7 and H2WFLDSXC); the two lanes were concatenated into a single FASTQ pair before submission.	computed	PRJEB125245	ERS31241350
r2310_24	Saskia_r2310_24	Saskia_PHO2_AM_RNAseq	WT	HP	250	myc	4	no	Illumina NovaSeq 6000	TRANSCRIPTOMIC	Oligo-dT	RNA-Seq	PAIRED	r2310_24_EKRN230074711-1A_HWT7HDSX7_L2_1.fq.gz	ff69890f53ae551c55a5110918863911	2455230639	r2310_24_EKRN230074711-1A_HWT7HDSX7_L2_2.fq.gz	a0b7cd8c671c48e810da2c54572a8ede	2517976664	/rds/user/cx264/hpc-work/project/2.Jeongmin/01.Saskia/1.data/X204SC23091440-Z01-F002_02/01.RawData/r2310_24/r2310_24_EKRN230074711-1A_HWT7HDSX7_L2_1.fq.gz	/rds/user/cx264/hpc-work/project/2.Jeongmin/01.Saskia/1.data/X204SC23091440-Z01-F002_02/01.RawData/r2310_24/r2310_24_EKRN230074711-1A_HWT7HDSX7_L2_2.fq.gz	Oryza sativa Nipponbare WT root, high phosphate (250 uM), Rhizophagus irregularis (600 spores), replicate 4	Rice (Oryza sativa L. ssp. Japonica cv. Nipponbare) root RNA-seq. Genotype: wild type. Grown in autoclaved silica 14/25 sand in a CONVIRON EVO chamber (12 h light/12 h dark, 350 uE m-2 s-1, 28/20 C, 65% RH). Seedlings watered with RO water for one week, then fertilised twice weekly with half-strength Hoagland solution at 250 uM phosphate (HP) plus 0.01% (w/v) Sequestrene Rapid iron supplement. Inoculated with 600 freshly extracted Rhizophagus irregularis spores from hairy carrot root organ cultures. Biological replicate 4 (experimental batch 4). Organism part: root. Collection date: 2023-10. Geographic location: United Kingdom (Crop Science Centre, University of Cambridge). mRNA library (oligo-dT), 150 bp paired-end, Illumina NovaSeq 6000, Novogene (Cambridge, UK). Library name: r2310_24.	novogene	PRJEB125245	ERS31241351
r2310_25	Saskia_r2310_25	Saskia_PHO2_AM_RNAseq	pho2	HP	250	mock	1	no	Illumina NovaSeq 6000	TRANSCRIPTOMIC	Oligo-dT	RNA-Seq	PAIRED	r2310_25_EKRN230074712-1A_HWT7HDSX7_L2_1.fq.gz	9e24745a6d2da39b39a49da3ae2ef43a	1959063518	r2310_25_EKRN230074712-1A_HWT7HDSX7_L2_2.fq.gz	9be248d253bbc0e22a8653241b24ad99	2028469351	/rds/user/cx264/hpc-work/project/2.Jeongmin/01.Saskia/1.data/X204SC23091440-Z01-F002_02/01.RawData/r2310_25/r2310_25_EKRN230074712-1A_HWT7HDSX7_L2_1.fq.gz	/rds/user/cx264/hpc-work/project/2.Jeongmin/01.Saskia/1.data/X204SC23091440-Z01-F002_02/01.RawData/r2310_25/r2310_25_EKRN230074712-1A_HWT7HDSX7_L2_2.fq.gz	Oryza sativa Nipponbare pho2 root, high phosphate (250 uM), mock inoculation (water), replicate 1	Rice (Oryza sativa L. ssp. Japonica cv. Nipponbare) root RNA-seq. Genotype: pho2 Tos17 insertion mutant of OsPHO2 (LOC_Os05g48390); allele not distinguished between pho2-1 (NF2586) and pho2-2 (NE9017). Grown in autoclaved silica 14/25 sand in a CONVIRON EVO chamber (12 h light/12 h dark, 350 uE m-2 s-1, 28/20 C, 65% RH). Seedlings watered with RO water for one week, then fertilised twice weekly with half-strength Hoagland solution at 250 uM phosphate (HP) plus 0.01% (w/v) Sequestrene Rapid iron supplement. Mock inoculated with RO water. Biological replicate 1 (experimental batch 1). Organism part: root. Collection date: 2023-10. Geographic location: United Kingdom (Crop Science Centre, University of Cambridge). mRNA library (oligo-dT), 150 bp paired-end, Illumina NovaSeq 6000, Novogene (Cambridge, UK). Library name: r2310_25.	novogene	PRJEB125245	ERS31241352
r2310_26	Saskia_r2310_26	Saskia_PHO2_AM_RNAseq	pho2	HP	250	mock	2	no	Illumina NovaSeq 6000	TRANSCRIPTOMIC	Oligo-dT	RNA-Seq	PAIRED	r2310_26_EKRN230074713-1A_HWT7HDSX7_L2_1.fq.gz	48d9f274bf0468d4ffaabd2487778e7c	1772497839	r2310_26_EKRN230074713-1A_HWT7HDSX7_L2_2.fq.gz	e3aa7bdd306107a31c0faf39c70989f8	1835011400	/rds/user/cx264/hpc-work/project/2.Jeongmin/01.Saskia/1.data/X204SC23091440-Z01-F002_02/01.RawData/r2310_26/r2310_26_EKRN230074713-1A_HWT7HDSX7_L2_1.fq.gz	/rds/user/cx264/hpc-work/project/2.Jeongmin/01.Saskia/1.data/X204SC23091440-Z01-F002_02/01.RawData/r2310_26/r2310_26_EKRN230074713-1A_HWT7HDSX7_L2_2.fq.gz	Oryza sativa Nipponbare pho2 root, high phosphate (250 uM), mock inoculation (water), replicate 2	Rice (Oryza sativa L. ssp. Japonica cv. Nipponbare) root RNA-seq. Genotype: pho2 Tos17 insertion mutant of OsPHO2 (LOC_Os05g48390); allele not distinguished between pho2-1 (NF2586) and pho2-2 (NE9017). Grown in autoclaved silica 14/25 sand in a CONVIRON EVO chamber (12 h light/12 h dark, 350 uE m-2 s-1, 28/20 C, 65% RH). Seedlings watered with RO water for one week, then fertilised twice weekly with half-strength Hoagland solution at 250 uM phosphate (HP) plus 0.01% (w/v) Sequestrene Rapid iron supplement. Mock inoculated with RO water. Biological replicate 2 (experimental batch 2). Organism part: root. Collection date: 2023-10. Geographic location: United Kingdom (Crop Science Centre, University of Cambridge). mRNA library (oligo-dT), 150 bp paired-end, Illumina NovaSeq 6000, Novogene (Cambridge, UK). Library name: r2310_26.	novogene	PRJEB125245	ERS31241353
r2310_27	Saskia_r2310_27	Saskia_PHO2_AM_RNAseq	pho2	HP	250	mock	3	no	Illumina NovaSeq 6000	TRANSCRIPTOMIC	Oligo-dT	RNA-Seq	PAIRED	r2310_27_EKRN230074714-1A_HWT7HDSX7_L2_1.fq.gz	1e70b04c276fcb36f01d13b1dd416041	2267364340	r2310_27_EKRN230074714-1A_HWT7HDSX7_L2_2.fq.gz	497db2f73d54fad89b4df267a92990ba	2296916325	/rds/user/cx264/hpc-work/project/2.Jeongmin/01.Saskia/1.data/X204SC23091440-Z01-F002_02/01.RawData/r2310_27/r2310_27_EKRN230074714-1A_HWT7HDSX7_L2_1.fq.gz	/rds/user/cx264/hpc-work/project/2.Jeongmin/01.Saskia/1.data/X204SC23091440-Z01-F002_02/01.RawData/r2310_27/r2310_27_EKRN230074714-1A_HWT7HDSX7_L2_2.fq.gz	Oryza sativa Nipponbare pho2 root, high phosphate (250 uM), mock inoculation (water), replicate 3	Rice (Oryza sativa L. ssp. Japonica cv. Nipponbare) root RNA-seq. Genotype: pho2 Tos17 insertion mutant of OsPHO2 (LOC_Os05g48390); allele not distinguished between pho2-1 (NF2586) and pho2-2 (NE9017). Grown in autoclaved silica 14/25 sand in a CONVIRON EVO chamber (12 h light/12 h dark, 350 uE m-2 s-1, 28/20 C, 65% RH). Seedlings watered with RO water for one week, then fertilised twice weekly with half-strength Hoagland solution at 250 uM phosphate (HP) plus 0.01% (w/v) Sequestrene Rapid iron supplement. Mock inoculated with RO water. Biological replicate 3 (experimental batch 3). Organism part: root. Collection date: 2023-10. Geographic location: United Kingdom (Crop Science Centre, University of Cambridge). mRNA library (oligo-dT), 150 bp paired-end, Illumina NovaSeq 6000, Novogene (Cambridge, UK). Library name: r2310_27.	novogene	PRJEB125245	ERS31241354
r2310_28	Saskia_r2310_28	Saskia_PHO2_AM_RNAseq	pho2	HP	250	mock	4	no	Illumina NovaSeq 6000	TRANSCRIPTOMIC	Oligo-dT	RNA-Seq	PAIRED	r2310_28_EKRN230074715-1A_HWT7HDSX7_L2_1.fq.gz	e24cc5a8c5d8340117c7dc11a75deafc	2395217297	r2310_28_EKRN230074715-1A_HWT7HDSX7_L2_2.fq.gz	0ff81db052e48b5fb9090abe459621ac	2467120341	/rds/user/cx264/hpc-work/project/2.Jeongmin/01.Saskia/1.data/X204SC23091440-Z01-F002_02/01.RawData/r2310_28/r2310_28_EKRN230074715-1A_HWT7HDSX7_L2_1.fq.gz	/rds/user/cx264/hpc-work/project/2.Jeongmin/01.Saskia/1.data/X204SC23091440-Z01-F002_02/01.RawData/r2310_28/r2310_28_EKRN230074715-1A_HWT7HDSX7_L2_2.fq.gz	Oryza sativa Nipponbare pho2 root, high phosphate (250 uM), mock inoculation (water), replicate 4	Rice (Oryza sativa L. ssp. Japonica cv. Nipponbare) root RNA-seq. Genotype: pho2 Tos17 insertion mutant of OsPHO2 (LOC_Os05g48390); allele not distinguished between pho2-1 (NF2586) and pho2-2 (NE9017). Grown in autoclaved silica 14/25 sand in a CONVIRON EVO chamber (12 h light/12 h dark, 350 uE m-2 s-1, 28/20 C, 65% RH). Seedlings watered with RO water for one week, then fertilised twice weekly with half-strength Hoagland solution at 250 uM phosphate (HP) plus 0.01% (w/v) Sequestrene Rapid iron supplement. Mock inoculated with RO water. Biological replicate 4 (experimental batch 4). Organism part: root. Collection date: 2023-10. Geographic location: United Kingdom (Crop Science Centre, University of Cambridge). mRNA library (oligo-dT), 150 bp paired-end, Illumina NovaSeq 6000, Novogene (Cambridge, UK). Library name: r2310_28.	novogene	PRJEB125245	ERS31241355
r2310_29	Saskia_r2310_29	Saskia_PHO2_AM_RNAseq	pho2	HP	250	myc	1	no	Illumina NovaSeq 6000	TRANSCRIPTOMIC	Oligo-dT	RNA-Seq	PAIRED	r2310_29_EKRN230074716-1A_HWT7HDSX7_L2_1.fq.gz	966e24128684415f6d86b37d6fd8bbe7	1882302909	r2310_29_EKRN230074716-1A_HWT7HDSX7_L2_2.fq.gz	95e427fdaa70915621b4ba66dff6e357	1933334436	/rds/user/cx264/hpc-work/project/2.Jeongmin/01.Saskia/1.data/X204SC23091440-Z01-F002_02/01.RawData/r2310_29/r2310_29_EKRN230074716-1A_HWT7HDSX7_L2_1.fq.gz	/rds/user/cx264/hpc-work/project/2.Jeongmin/01.Saskia/1.data/X204SC23091440-Z01-F002_02/01.RawData/r2310_29/r2310_29_EKRN230074716-1A_HWT7HDSX7_L2_2.fq.gz	Oryza sativa Nipponbare pho2 root, high phosphate (250 uM), Rhizophagus irregularis (600 spores), replicate 1	Rice (Oryza sativa L. ssp. Japonica cv. Nipponbare) root RNA-seq. Genotype: pho2 Tos17 insertion mutant of OsPHO2 (LOC_Os05g48390); allele not distinguished between pho2-1 (NF2586) and pho2-2 (NE9017). Grown in autoclaved silica 14/25 sand in a CONVIRON EVO chamber (12 h light/12 h dark, 350 uE m-2 s-1, 28/20 C, 65% RH). Seedlings watered with RO water for one week, then fertilised twice weekly with half-strength Hoagland solution at 250 uM phosphate (HP) plus 0.01% (w/v) Sequestrene Rapid iron supplement. Inoculated with 600 freshly extracted Rhizophagus irregularis spores from hairy carrot root organ cultures. Biological replicate 1 (experimental batch 1). Organism part: root. Collection date: 2023-10. Geographic location: United Kingdom (Crop Science Centre, University of Cambridge). mRNA library (oligo-dT), 150 bp paired-end, Illumina NovaSeq 6000, Novogene (Cambridge, UK). Library name: r2310_29.	novogene	PRJEB125245	ERS31241356
r2310_30	Saskia_r2310_30	Saskia_PHO2_AM_RNAseq	pho2	HP	250	myc	2	no	Illumina NovaSeq 6000	TRANSCRIPTOMIC	Oligo-dT	RNA-Seq	PAIRED	r2310_30_EKRN230074717-1A_HWT7HDSX7_L2_1.fq.gz	7f5540e794d2b315c4ae472bdfd8ba82	2304332215	r2310_30_EKRN230074717-1A_HWT7HDSX7_L2_2.fq.gz	fed2478bb823cd2cd13bce2a1ef9be8f	2340925689	/rds/user/cx264/hpc-work/project/2.Jeongmin/01.Saskia/1.data/X204SC23091440-Z01-F002_02/01.RawData/r2310_30/r2310_30_EKRN230074717-1A_HWT7HDSX7_L2_1.fq.gz	/rds/user/cx264/hpc-work/project/2.Jeongmin/01.Saskia/1.data/X204SC23091440-Z01-F002_02/01.RawData/r2310_30/r2310_30_EKRN230074717-1A_HWT7HDSX7_L2_2.fq.gz	Oryza sativa Nipponbare pho2 root, high phosphate (250 uM), Rhizophagus irregularis (600 spores), replicate 2	Rice (Oryza sativa L. ssp. Japonica cv. Nipponbare) root RNA-seq. Genotype: pho2 Tos17 insertion mutant of OsPHO2 (LOC_Os05g48390); allele not distinguished between pho2-1 (NF2586) and pho2-2 (NE9017). Grown in autoclaved silica 14/25 sand in a CONVIRON EVO chamber (12 h light/12 h dark, 350 uE m-2 s-1, 28/20 C, 65% RH). Seedlings watered with RO water for one week, then fertilised twice weekly with half-strength Hoagland solution at 250 uM phosphate (HP) plus 0.01% (w/v) Sequestrene Rapid iron supplement. Inoculated with 600 freshly extracted Rhizophagus irregularis spores from hairy carrot root organ cultures. Biological replicate 2 (experimental batch 2). Organism part: root. Collection date: 2023-10. Geographic location: United Kingdom (Crop Science Centre, University of Cambridge). mRNA library (oligo-dT), 150 bp paired-end, Illumina NovaSeq 6000, Novogene (Cambridge, UK). Library name: r2310_30.	novogene	PRJEB125245	ERS31241357
r2310_31	Saskia_r2310_31	Saskia_PHO2_AM_RNAseq	pho2	HP	250	myc	3	no	Illumina NovaSeq 6000	TRANSCRIPTOMIC	Oligo-dT	RNA-Seq	PAIRED	r2310_31_EKRN230074718-1A_HWT7HDSX7_L2_1.fq.gz	6ca463dcb85eb2764b59ef0dc570d4ff	2463270279	r2310_31_EKRN230074718-1A_HWT7HDSX7_L2_2.fq.gz	f7abbd1203295f5bc407b535cb780a0f	2517736060	/rds/user/cx264/hpc-work/project/2.Jeongmin/01.Saskia/1.data/X204SC23091440-Z01-F002_02/01.RawData/r2310_31/r2310_31_EKRN230074718-1A_HWT7HDSX7_L2_1.fq.gz	/rds/user/cx264/hpc-work/project/2.Jeongmin/01.Saskia/1.data/X204SC23091440-Z01-F002_02/01.RawData/r2310_31/r2310_31_EKRN230074718-1A_HWT7HDSX7_L2_2.fq.gz	Oryza sativa Nipponbare pho2 root, high phosphate (250 uM), Rhizophagus irregularis (600 spores), replicate 3	Rice (Oryza sativa L. ssp. Japonica cv. Nipponbare) root RNA-seq. Genotype: pho2 Tos17 insertion mutant of OsPHO2 (LOC_Os05g48390); allele not distinguished between pho2-1 (NF2586) and pho2-2 (NE9017). Grown in autoclaved silica 14/25 sand in a CONVIRON EVO chamber (12 h light/12 h dark, 350 uE m-2 s-1, 28/20 C, 65% RH). Seedlings watered with RO water for one week, then fertilised twice weekly with half-strength Hoagland solution at 250 uM phosphate (HP) plus 0.01% (w/v) Sequestrene Rapid iron supplement. Inoculated with 600 freshly extracted Rhizophagus irregularis spores from hairy carrot root organ cultures. Biological replicate 3 (experimental batch 3). Organism part: root. Collection date: 2023-10. Geographic location: United Kingdom (Crop Science Centre, University of Cambridge). mRNA library (oligo-dT), 150 bp paired-end, Illumina NovaSeq 6000, Novogene (Cambridge, UK). Library name: r2310_31.	novogene	PRJEB125245	ERS31241358
r2310_32	Saskia_r2310_32	Saskia_PHO2_AM_RNAseq	pho2	HP	250	myc	4	no	Illumina NovaSeq 6000	TRANSCRIPTOMIC	Oligo-dT	RNA-Seq	PAIRED	r2310_32_EKRN230074719-1A_HWT7HDSX7_L2_1.fq.gz	e277af7c665ed49bdcb764bef8a50f99	2644840227	r2310_32_EKRN230074719-1A_HWT7HDSX7_L2_2.fq.gz	fb9eeae0208d8bc906faaf9e710d770b	2717538118	/rds/user/cx264/hpc-work/project/2.Jeongmin/01.Saskia/1.data/X204SC23091440-Z01-F002_01/01.RawData/r2310_32/r2310_32_EKRN230074719-1A_HWT7HDSX7_L2_1.fq.gz	/rds/user/cx264/hpc-work/project/2.Jeongmin/01.Saskia/1.data/X204SC23091440-Z01-F002_01/01.RawData/r2310_32/r2310_32_EKRN230074719-1A_HWT7HDSX7_L2_2.fq.gz	Oryza sativa Nipponbare pho2 root, high phosphate (250 uM), Rhizophagus irregularis (600 spores), replicate 4	Rice (Oryza sativa L. ssp. Japonica cv. Nipponbare) root RNA-seq. Genotype: pho2 Tos17 insertion mutant of OsPHO2 (LOC_Os05g48390); allele not distinguished between pho2-1 (NF2586) and pho2-2 (NE9017). Grown in autoclaved silica 14/25 sand in a CONVIRON EVO chamber (12 h light/12 h dark, 350 uE m-2 s-1, 28/20 C, 65% RH). Seedlings watered with RO water for one week, then fertilised twice weekly with half-strength Hoagland solution at 250 uM phosphate (HP) plus 0.01% (w/v) Sequestrene Rapid iron supplement. Inoculated with 600 freshly extracted Rhizophagus irregularis spores from hairy carrot root organ cultures. Biological replicate 4 (experimental batch 4). Organism part: root. Collection date: 2023-10. Geographic location: United Kingdom (Crop Science Centre, University of Cambridge). mRNA library (oligo-dT), 150 bp paired-end, Illumina NovaSeq 6000, Novogene (Cambridge, UK). Library name: r2310_32.	novogene	PRJEB125245	ERS31241359
