effector,R_area_end_mm2,R_AUC,R_AGR_mean,R_AGR_max,R_RGR_mean,R_RGR_peak,R_RGR_final,R_tt10,S_area_end_mm2,S_AUC,S_AGR_mean,S_AGR_max,S_RGR_mean,S_RGR_peak,S_RGR_final,S_tt10
BM00001,-0.937468059565428,-0.8644311732311724,-0.8750493534522644,-0.7387396037530188,-0.73938068824531,0.1257601221208976,-1.0294744234448086,0.05609840647740736,-0.6889319589862193,-1.5762786805139444,-0.8628940893680396,-1.5078107761916284,0.42673630261091594,0.05284471287773295,-0.3767005026836392,0.3043265772890777
BM00002,-0.9782561658636305,-1.0834802102760457,-0.9987456250974853,-0.9806405946078436,-0.831665170292665,-1.5025355576802903,-0.4299551680631846,0.4460602946048934,-0.2466710835893323,-0.8630145225726822,-0.23950071631159367,0.01211867037495531,-0.27644125102550415,0.939968377831804,0.4860469223265314,0.27538513036408596
BM00003,-1.627301101917195,-1.2199637302922086,-1.6102143924872914,-1.6128640289789968,-1.519427353546722,-0.6649922585566935,-0.1479432148124965,0.8195137331344904,-1.401681679859075,-1.886036736536261,-1.5154671069827181,-1.8084860559928249,0.015252619171050124,-0.6513071250360809,-0.48430957627830507,0.6806844232157456
BM00004,-2.587759982586059,-2.1143470559699247,-2.408640359243829,-2.3470698237470446,-0.6259415110424844,-1.5157693768792306,1.6073019535766881,0.12383560615363085,-2.600224010634965,-2.7209780180084437,-1.6805608629672182,-1.955934122068991,0.21195055304205423,-0.7781759624850939,-1.2727582934425692,0.08892865261905647
BM00006,-0.740143184501427,-0.9092131426386677,-0.7164969801897084,-0.679697951875805,-0.8691975519171484,-1.0366349034130404,-1.113610607255291,-0.056035909632112954,0.06178138198832156,-0.4968298355196244,-0.07766131756791261,-0.4134863035585101,0.6473559216946093,-0.20315001718039763,0.4295746956777774,0.19366476697730808
BM00007,-1.844595359638976,-1.5766229301659562,-1.7195403277574495,-1.932101592214185,-0.6251226309801862,-1.13213511321024,-0.5191580904137495,0.9366878318807211,-0.12365058482591708,-1.3209205121332872,-0.04294801492272247,-0.5206940822081382,0.531632055706873,-0.19534025373162864,0.616313364339774,0.5499580210754732
BM00008,-1.1943375696303,-1.0585380500245334,-0.9445786206001451,-1.2169953819120372,-1.7698285817491166,-2.9294638576679164,0.424028775143579,-0.09458021940172147,-0.7430995805011502,-0.8618664189563189,-0.9228971701868567,-1.5168587450867894,-0.37039798543705543,0.06447874873954883,-1.0252546111980416,0.49218637392970016
BM00009,-0.5082768143922419,-0.8709941659800483,-0.5889547719361773,-0.2998385427639943,-0.35946800744266844,0.5824086542175215,0.7097022634799556,-0.8756019175278549,0.07281212715081964,-0.5159915915618929,0.015704839438229565,-0.43271589135965566,0.01858081764708115,-0.5164005591947708,-0.3330920036636371,-0.10151250221122371
BM00010,-0.47497941449932324,-0.3246435812217513,-0.48663648093805933,-0.6921370417039152,-0.7235246237739331,-0.4855036325524538,-0.4443745114161497,-0.1127355611961989,-0.4038209067018531,-0.39608123074592017,-0.4941951822572132,-0.9540615754386962,0.9549224323698666,1.2513082271591753,-1.175243266426294,0.06236787719551934
BM00011,-0.53778225540056,-0.6694310657934397,-0.46525116800115474,-0.1438777603943947,-0.094958071760222,0.2609027125780691,0.3245875034205798,0.7984261338503552,0.08079689570944953,-0.6560059675431315,-0.14035051125175046,-0.8759720675359159,0.7368197897716148,0.3011163834375451,-0.446575912993725,0.767476420170729
BM00012,-1.422358893261198,-1.5017814240252265,-1.115471294778062,-1.1230228870368326,-0.860462670275737,-1.6674044263998662,1.126722500066942,1.4280067893924688,-1.2310269450967781,-1.7227218004649596,-0.8697377048218727,-1.2142463303533004,0.5527135829570118,0.16476822202280295,1.0643193057673872,1.0719224332552304
BM00014,-1.2918796472004002,-0.7928793710006118,-1.2066594674991833,-1.4704985096028167,-0.4076898049806193,1.8881423600104883,-0.9002744024907666,-0.7847640407853733,-0.857383985909695,-1.1106654258848225,-0.9983252672734447,-1.3798396993970583,-0.45216658012675115,-0.35602444705774433,-0.42500812566240614,0.6134927262341395
BM00015,-1.4422861936528684,-1.2701560660999214,-1.3731271502195583,-1.435609109947579,-0.5320090705099444,-0.6619159034504397,-0.27604471982051454,0.5199200758637086,-1.042075544449103,-1.5442620833580167,-1.0556981382566026,-1.3176539504207654,-0.2700223667976293,-0.24636998013172343,-0.5718332610648678,0.45695805009504953
BM00016,-1.1056178749814258,-0.7068999692004656,-1.0873500830933163,-0.9791055113638375,-0.15858016079655385,-1.7801842690322,-0.4826557970036555,0.7128299702179173,-0.05484009092790572,-0.8317487459267238,-0.41398058931788706,-0.6675818903905948,0.9308373097763958,1.2581787649439062,0.25947343257170874,0.7312336390293098
BM00017,-1.1087792650137365,-0.7533976060401952,-1.1906558127727496,-1.2581673225875867,-0.5987689309082774,-0.40712942414586023,-0.38864217797779477,-0.0014172969275037719,-0.8997160801061458,-1.296254284326672,-1.0653679849075974,-1.618194734334361,-0.09780951354437416,-0.2646426999101206,0.22200731162316323,0.3454013155333068
BM00018,-1.1065346392648845,-0.7249161282889761,-1.0001722700821405,-1.2849205564459572,-0.4566154882530984,0.2693980274933774,0.08992197964882559,-0.42207327824466034,-1.0068203087016048,-2.5390730214096573,0.3392589413404991,0.10248768831628738,2.3370770070094227,2.407096599171974,2.1453306647137333,1.5867993690339781
BM00019,-0.025460961510841575,-0.09728896874869877,-0.3471844673408137,-0.3228583227852313,0.4230413488835332,-0.0070027156900941915,0.10709379436375227,-0.7100019538684135,-0.6277402390877787,-0.765563216549426,-0.7606289543748025,-1.4103808173715329,0.05591392466792041,-0.378261773035023,-0.1295586087821716,0.1254177893380692
BM00020,-1.9982175738720083,-2.108069624585884,-2.008694722512556,-1.9525547322510834,-2.477914080712895,-1.9830871209664258,0.23074342793388866,0.5479460680593884,-1.9819502852648436,-2.473125703580612,-2.1253538031620476,-2.562777850346968,-0.16136839229043606,0.09668452515589977,0.934055854036667,0.6372941608433669
BM00021,-1.3144849371116716,-1.5689436354475754,-1.2299850527808032,-1.1763064040496367,-0.24478480069401234,0.13617279629651327,-0.08966035312131995,0.35138114476283844,-1.351075067280654,-1.9843698387615616,-1.4531663892342404,-1.6276953339974365,0.5917995941431715,0.23849796157412478,-0.7102370730057082,0.8971030136258957
BM00022,-1.4211498331038752,-1.0531368367168996,-0.9637997915077402,-1.7987102106035258,-0.8967334948098654,-1.314802229749984,-0.7735943859841522,-1.0990241640874754,-0.5284586734767067,-0.9412174768692082,-0.4871057552249459,-1.0292061743358032,0.6631161475539308,1.0690266255236143,-0.19193562926894428,-0.32271481143272324
BM00023,-1.3249774800736753,-1.1434909330238705,-1.2783566066380285,-1.794246420312241,-1.6502630874161026,-1.1227291454447614,-1.4065284689128275,-0.45149954505771395,-1.1810041256955235,-2.0010265041494755,-1.4126504129712072,-1.5048731271396614,0.8167066246626592,0.07114090749486213,0.22596321313448742,0.9641602451146652
BM00024,-2.067733810842944,-2.035895627200929,-2.0086938954474207,-1.597200584027786,-1.2567109089436153,-1.9563427575161045,0.31987140496339256,1.6992832140287972,-0.9055504141661208,-1.991075972889644,-1.0793469105268036,-1.703737205727859,-0.3174955297851783,-0.2211810088297266,2.384749675490556,1.0642838595928756
BM00025,-1.6052129572188845,-1.0268828180444345,-1.5808361204186137,-2.2204569942855246,-0.8003904345476929,0.12374266899779214,-1.5529931122973548,0.5989888853280508,-1.159242342514358,-1.7390997945738338,-1.3113775315462908,-1.6109017164069759,1.0527042998260392,2.0767623044139127,0.7706684770543707,0.7702116418443682
BM00027,-0.17996307747513013,0.4000182591592398,-0.05271531526563027,-0.6792103904657235,-0.7467336778229436,-1.10014074028211,-1.9582509834239523,-0.15380809816208182,-0.4205366187509958,-1.0390891404757916,-0.3913841252808329,-1.382975192995834,-0.7388177327814314,-0.3683515194030968,0.5199355785283976,-0.14036462578605005
BM00028,-0.4662938184846857,-0.20859272385796673,-0.49488539528688436,-0.4828392299186797,-0.08538678251199082,0.18429228909400722,-1.1096475003828075,-0.8468276777417795,-0.8799520602980075,-1.1744515196168022,-0.6311823754515876,-0.847198443897609,0.14336225813591771,-0.2434687969939574,-1.2075732865640676,0.03131944418905183
BM00029,-0.0374460521355052,0.3777130820890826,0.040092509321296266,-0.15795423058231597,-0.8668650249264055,-2.1848761342203047,-1.2639921454940826,-0.2766485248333272,-1.9701315363572103,-2.303170787314753,-0.5540122937509471,-1.3667368248270968,1.3982594694074804,1.415555769769384,-1.4471851548304215,2.951983225337922
BM00030,-3.135521563533904,-3.156128865520444,-3.0535114090712687,-2.9706395903800624,-0.3277426973319135,-1.295802812746155,0.029200624007302757,2.348885512329592,-2.039298902028523,-2.881596945723939,-2.256362911596337,-2.3151149840855436,-0.7162654465535832,-0.094731685047881,1.2849081642771747,1.91473638241716
BM00031,-1.4697630673533943,-1.9203838192527918,-1.435510510778751,-1.020472028028073,-0.9084947896697896,-0.9504193095294037,0.842696018291365,2.0855517682388536,-0.9089366856026718,-1.772323921065645,-0.8715076497416215,-1.0894294459863136,1.2765159670328872,0.3026714637010625,1.255617268254291,0.9659242516803788
BM00032,0.8868739477609505,1.0765029809771098,0.9324472797334401,0.32676311791568163,-0.05410630841370618,-0.7507500847015186,-0.9004572895370422,-0.13926724917540856,0.6281493826047377,0.22706987096204456,0.33741011071086474,0.35463617918095813,0.22956788726198094,0.0666823749528897,-1.4085050742866305,0.10131880997427116
BM00033,-1.8790024028795622,-1.4165704719555485,-1.711654848803257,-2.188832867019902,-1.5641467102104347,-0.7465374336839696,-0.8203117522335185,0.09842131821255701,-1.39624070901552,-2.187557749992498,-1.5819852639157035,-1.822209178943896,-0.024493951194789188,0.05870395338753301,0.6140657105425528,0.8758316858728789
BM00034,-1.5094774197318712,-1.2285014321529397,-1.5284754374092606,-1.207901155452776,-1.617010153793587,-2.0250696650154727,-0.4804328028246195,1.1267997290617784,-0.36037674602536307,-1.5043472259271249,-0.4818894481092229,-0.38640210725075486,1.2878974695558154,0.47785678086219424,1.3468902900847468,0.6449210945367315
BM00035,-0.3248908592281293,-0.08575273420640613,-0.30393670248491245,-0.3951204738974869,-0.6377675754348449,-0.5256537208074724,-0.0651467532202591,-0.5003903319399559,0.45818262941397425,-0.9110713788643345,0.09242884888099431,-0.7198813779793796,1.406163224929196,1.5815367034867271,-0.2869492897572494,0.5399684478756908
BM00036,-0.7939042511393117,-0.7145010342662939,-0.8193332329818376,-1.0264910438963852,-0.8576422980303676,-0.6524238472535403,-1.1834394820152825,-0.04418468613412992,0.6897391470502363,0.0753116925315304,0.6558870135664313,0.10321084870204225,0.47278335876552996,-0.15455141463886207,-0.9850366249427511,0.353993120853574
BM00037,0.14680792698847328,0.17187292982671434,0.13361168650497915,-0.02654676958483866,-0.5556560290951474,-0.23431133812129398,-1.34341760235503,-0.6294772215993374,0.10866360350060249,0.10691646401034265,-0.4077242088084041,-1.0009390677767684,0.1832609837159768,-0.14575777435670534,0.3298175420223176,-0.0592299401222087
BM00038,-0.7029403936194962,-1.1177510763869003,-0.6708850205431395,-0.45595751926035744,-1.1821126567743352,-0.9989091396255746,-0.2843491985448805,0.5063235852123886,-0.021723134431955768,-0.5866169639932677,-0.13407786606476804,-0.2825258026439677,0.03847456294754493,-0.6343400917896369,0.5141104186058391,0.6619455464690918
BM00039,-1.3962615805263423,-0.9980748345486439,-1.2525918214580845,-1.641288094739972,-0.38963313882930734,0.08909888533183301,-0.6113664565581173,0.5270400341528984,-1.4904149969821447,-2.1911595488358246,-1.7103545092706447,-1.8276417926497175,2.747122878209452,3.3872618153181113,1.4335722444626882,0.9143649336958526
BM00042,-0.8408299222192477,-0.5927702303050415,-0.7596378509611,-1.3929670484316785,-1.2009098545798467,-1.4199948405132554,-0.9631726255551313,0.3626015830447274,0.1409495147951875,-0.8934885941817923,-0.06634376644147108,-0.00417699167762835,-0.32416688709557917,-0.7749274388388534,0.19925269836425952,0.2037932133346488
BM00044,-1.7235266745603446,-1.7573752229210178,-1.711140297887129,-1.6985231326543169,-1.318022486948695,-0.9138651621804865,-1.6539244658218661,1.0971679158605971,-1.2515897300662249,-2.4350021348265427,-1.3365656728277535,-1.4771764235181668,0.8212555444272291,-0.436279633170707,1.6675531771842649,0.8851892068758381
BM00045,-1.8712246527337857,-1.6594595005775876,-1.8436868403886286,-1.3595692331211149,-0.41375899424688967,1.1067722049654676,-0.1515174415833192,0.6181586498609772,-0.6093082999562122,-1.3614417719780716,-0.6854133440250005,-0.9591542828984144,1.6613125917781684,0.6368919163142316,1.5336644458292732,0.6138835612897625
BM00046,-1.3515413031404102,-1.095080541388743,-1.3759930508900509,-1.476702594397791,-1.740080958177493,-0.7777386080778981,0.10403459286240747,0.11697343804379519,0.3229188116323347,-0.7893694523511633,0.25532385584744155,-0.5058956421833073,-0.26783634125479955,-0.40509021235677156,-0.3369017463130803,0.25511268502527396
BM00051,-0.6680789148567229,-0.7678365294998173,-0.7234052464592936,-1.1133530072385782,-1.0876351579001844,-1.109438205215287,-0.39267767231055356,0.10446975888055092,-0.5637912224649202,-1.0168623356391684,-0.6589785283915536,-1.2055568886837114,0.21267815003795593,0.9079004788395321,-0.15187315916601785,0.5003542030264074
BM00052,-0.7968913020787773,-0.7628385888411865,-0.7557711851393935,-0.967590885312944,-1.6943577305763817,-0.4440848035472851,-1.214689975657348,0.8275488193298381,-2.064911189676369,-2.6049268614455126,-2.253004215656505,-2.5654636146420864,0.3941990906966755,1.5239351497219094,0.7918097069583415,1.1373137728172316
BM00053,-4.132281394921652,-4.087486631635298,-4.094491727450543,-3.589097834167423,-5.3935362868528545,-0.6373745044130853,3.964906498072428,5.098837467176973,-3.080210617669503,-3.7835093243155695,-3.300773794415749,-3.572841037941739,-0.7027184535175249,0.08691727055345498,1.0506085053434717,4.711174959472739
BM00055,-0.7919529559855676,-1.0783824519156617,-0.7577581070209631,-0.7420008336383029,0.22460037017906567,1.0370208736855824,0.15758114899617884,0.6574643220368569,0.5911310788171255,-0.18309672268469335,0.3426081770810745,0.05346653166325006,-0.1549169027257288,-0.6179954943835717,1.3528341712759115,0.26387562807493353
BM00056,-0.2604003060277717,-0.46036395740419345,-0.3428492374666562,-0.5608722035633072,0.10570634840667367,1.6893203281525633,-0.01209961940516442,0.8783304983620931,0.5567199871447231,-0.41494201110669204,0.6779185628261939,-0.23370310068533873,0.5181205592313527,-0.7014863583555099,0.10097623121553138,0.3649126326542882
BM00057,-1.058522587063876,-1.0340051938350217,-0.9899337132158775,-1.065322648773659,-0.08801455062142712,-0.7809452379663587,0.6234416910237792,0.8242512618654833,0.5777450932470354,-0.17372281410563958,0.5633278630937786,-0.198550569846725,0.4246634795135192,-0.06460790700581806,0.609127996040624,0.3665825158374972
BM00058,-1.61634012344744,-2.0430955267248496,-1.7025010705689,-1.6907166674803666,-0.7816936863328378,-0.9235014557609059,0.9160998445494019,2.2486465193819245,-0.884492151604554,-2.115702192249815,-0.7168449702539689,-0.9218386694429351,0.40402318135517157,-0.33695353634222946,2.978964895541491,1.0187877965776262
BM00059,-1.2177846458884265,-1.3457297261354708,-1.1647870302784071,-0.8630973639704704,-0.836324769997735,-0.17540111016105128,-0.49894271977929233,1.2618475479912636,0.002016897672204833,-1.4366028634469459,-0.05094574941691348,-0.9803960007825602,0.9199911295691503,0.534422217457742,-0.1519646661236469,0.5836845666185988
BM00060,-1.233738408856101,-1.412988136411774,-0.8498278244750639,-1.1423553632646632,-0.5350098315846893,-1.7560475712826493,-0.05801394526042803,1.1802519959148878,-0.33179336703375706,-0.636166523409499,-0.45747515614325795,-0.705693631329646,0.6868386814320202,0.0672760835410688,-0.0103787602224744,0.5463419111370154
BM00061,-1.847166956580684,-1.7491169163890257,-1.6649247466151034,-1.8104289860570861,-0.703387520469971,-1.2733387289866225,0.0698128028680462,0.7645921215962964,-1.0212700017899672,-1.695364246672629,-1.1260578947333157,-1.2008566696674903,0.8033240511649393,0.6297404743455031,0.869461503507424,0.8159354943416395
BM00062,-0.4467850652679092,-0.563637965540962,-0.29016064916825834,-0.6156117093521335,-0.5917278293554801,-0.1020685857942477,0.29367903839675824,0.6213884175715058,-0.47705155429727086,-0.9257217716379799,-0.3616182565939498,-0.9176148076104423,1.8932914227366546,0.3694251803075753,0.8896547115433824,0.39905834197915657
BM00063,-0.919097078264656,-0.5805369403674501,-0.7914337829866591,-0.9624761103185927,-1.2359507397822191,-2.1173128482139454,-0.7687902118538634,-0.21441601987879558,-0.3277977769186042,-1.1309169579760583,-0.471208001562031,-0.8522897758501579,0.6585886605300735,0.03370274255443121,0.35484273644661346,0.4228301370315698
BM00064,-0.6317805748052789,-0.3708436850394574,-0.552597418443079,-0.8685623188713496,-0.6519611934993071,0.013466871861376989,-0.15695050841912436,-0.10689224091379583,0.5866031976637486,-0.6332719914569366,0.4183627305308305,-0.17049192115088524,0.03624579819714498,-0.3261579882433873,0.3249451286881761,0.014005340606347661
BM00065,-0.21250555231254167,-0.011712776120207595,-0.08715844896578691,-0.09136317658921879,-1.4932604340343625,-1.312845766639983,-0.7188479799861768,-0.016367220367513858,0.2977808420255987,-0.5920639079342879,0.012123798623495524,-0.5782673046164527,0.8788533618983901,0.1953072120442111,0.18254635328882587,0.6231393408803937
BM00067,0.6287219586181816,0.5559703632220457,0.4708947036234757,1.2892282639117287,-0.9721592061637228,-1.3884416743653218,-0.763565866458284,-0.5980975862180119,-1.451153339190796,0.1356316333525395,-0.19578883176745604,0.5258188121323212,0.9836506566565766,0.4555168626198283,0.4021305338418031,0.5883048697491083
BM00071,-0.4002034799763994,-0.04543539136928069,-0.3429054048895132,-0.7219435733062283,-0.08882573219982456,-0.24003923119195764,-0.518096791342178,-0.37714563215717634,-0.4143628421252368,-0.24690934056649882,-0.5235564883218214,-0.8815178450218111,0.4399873826150894,0.04328838883797536,0.19833755651174972,0.24905754680951767
BM00073,-2.602274453165435,-2.5007390629575323,-2.611268210365616,-2.8118785757319547,-2.1810644618152977,-0.5095397082017323,-1.4038329525843922,1.4354441248421217,-2.116234170101439,-3.2014688525164336,-2.3439646043816253,-2.229433184446416,0.7683110750565046,1.0215379532971272,2.2257405932216505,1.0378408029749098
BM00075,-0.6723406678047482,-0.6511956233585128,-0.615547939429571,-0.5155341755518146,-0.4243029343815787,-0.898100857058596,-0.10580343885869793,0.41720787989413166,0.012170483187226966,-0.8732492170544135,-0.06328729247163778,-0.09306439725580326,2.570855830005944,2.1602503632611203,0.05535981731547441,0.4630151984337423
BM00076,-0.32494651444341044,-0.2650798535951371,-0.1434500428891945,-0.46331225059904274,-0.5406265147622791,-1.7291248063333204,-0.27920789836285487,-0.08306922333941456,0.9498859890319786,-0.5461226309313447,1.1336749852998005,0.7408719872039167,0.32136963484458164,-0.6525131752110123,0.9148815606925809,0.25987903190426864
BM00077,0.8916212452289443,1.0213684746851721,1.624923949627737,1.7485699785824356,-0.44845742475034606,-1.6356978429577311,-0.7825830498380478,-0.3489698504852747,1.7806921378576754,0.4319791111087195,1.8145656226030675,1.6394522077242222,1.2765616685279857,0.1050850433239469,1.5617797322942162,0.5140061843109017
BM00078,-0.37475233976224437,-0.5384321559638965,-0.4813793838423566,0.8305850412690262,-1.6660269121191345,-0.22770381544448812,0.4282773819109147,0.18139008270810958,-0.19400886565484834,-1.1610897722287719,-0.14067931103717066,-0.7140044935511145,1.8121929181154395,2.167510900468087,2.5315998600802594,1.1250312262423492
BM00079,1.277399063066378,1.3263223351031452,1.3640534885596096,0.5320420565967934,0.5080293158403096,2.0219896265235975,-0.6628298056048662,-1.0698016085240158,1.237216288744218,0.10316983233548742,1.447118953128188,1.5805902080569774,1.6689870190930198,1.209672149365535,0.24471909080433768,0.5645819227065237
BM00080,0.05556693347675746,0.2294045132712871,0.14458916480585252,0.1590437590735755,-0.7582648135811978,-1.2007110161757573,-1.548467148158674,-0.6245351615721063,0.2675943988720894,-1.087523395137291,0.23145652361103555,0.29444611973460855,0.8708153288119471,-0.2722353945923471,1.2303069963408628,0.046828930677280285
BM00083,-0.11226254701078366,0.3910067849615057,-0.10816653545219032,-0.5992349485781446,-1.350604970687416,-1.8970873620589406,-0.18295406222865807,-0.8980796385336666,-0.1498041461995963,-0.39796292426177343,-0.05658509794446694,-0.9032192005225732,-0.06286981113751972,0.029264918202687774,0.17604704899657433,-0.06459565159836343
BM00084,-3.6501025614654523,-3.251695269320246,-3.56879693466364,-3.663594367608159,-3.580727495609036,-2.198157437685066,-3.977315746525868,0.6826710591045551,-3.133259416871356,-3.6496239557628867,-3.3328396856726226,-3.641840556937855,-2.8009841349545144,0.6958519513839964,2.61410440990004,4.4122922061375265
BM00085,0.11152177845481083,0.7414155315365958,0.1336723221217045,-0.1461933534572204,-1.4540753782482105,-1.8094163882769063,-1.1320833925975373,-1.4272026939569118,1.0948675364329936,0.4628811364762447,0.7789110394009362,0.5660374988768685,0.8583160245135043,0.4664437308146143,0.7207515031203718,-0.07845698447897075
BM00086,-1.2473418800532532,-1.1435198009448921,-1.1699972455442704,-1.4201167397534193,-2.1328069274037493,-0.961021178380504,-1.2366323286332144,-0.22283867184725664,-0.5967880165375502,-1.3508127247630748,-0.6418324508476014,-1.0201411646256946,0.33845663980152424,-0.16436777163407093,1.7364757079752098,0.451422707657571
BM00088,-3.900765927333646,-3.30570683642574,-3.785044487032995,-3.4998020189383108,-4.940265406350211,-2.493550416698073,-3.1330489885561725,2.6173941988220557,-3.2940154229366327,-3.9058234795162075,-3.5061867790577863,-3.7201349690304037,-4.00172333600049,0.12804819409543253,-0.2859510806839819,5.680588396426623
BM00090,0.08519419242432438,0.37752797106935554,-0.012678246877259923,0.41187169578367694,-0.6494837588835803,-0.6258898508076917,-0.11653545536303753,-0.4111626090408279,0.5827843790003546,0.4541943256085898,0.7385750121730911,0.45945406249516585,0.692491753682548,-0.16841833538292003,-1.2616446757866517,0.2620611027512474
BM00091,-1.2107932406625819,-1.3401746710047364,-1.3137667745057502,-0.7033957509606695,0.04158158530171157,0.3940236382890377,0.212886831255249,-0.9968684628407787,0.005549418429419237,-0.6111941009372661,-0.0885972339454142,-0.6465527053287996,1.0906278957713171,1.7183065860459203,-0.5924454345242364,0.3405895557662942
BM00092,-0.5666642989222627,-0.5112759335489657,-0.5332990011834169,-0.5781170201483398,-2.2429251604616107,-2.5624715870973294,-1.231923477448256,-0.5779180754199452,-0.7040345144302927,-1.0658339295899457,-0.6954782182653284,-1.5160003800378676,2.779373249666858,5.269501456816024,1.0081943494036398,0.48727278227240056
BM00093,-0.1382920126503781,-0.2033940889170026,-0.08947665740331173,0.27329748193010756,-1.1971439607916523,-0.3423051065440467,-0.07622987874863917,-0.15846567580468326,0.044372470559596554,-0.38728973833883384,-0.054318034762555575,-1.1096974088374822,0.5979635378548515,0.309714425256056,1.9656086535274728,0.11316118110992694
Col-0,0.17988003681768433,0.1640203517502037,0.0,-0.2111129594223878,0.0,0.0,-0.27462651390712045,-0.6041424495190062,-0.07390705094319572,0.3578631324542758,0.0,0.11138824070050707,-0.23410746387368855,-0.20360474114559002,-0.503326967359581,-0.215308266299905
EmptyVector,-0.5821014933832289,-0.6859911744726707,-0.44337186590635597,0.0,0.5541017591704788,-0.09201696906980879,-0.7837153295464612,0.12853060942037664,0.4710307678632777,-0.7107326806174429,0.5674803000951203,-0.6323705202119715,-0.15518763302363497,-0.23404107415319889,0.0305742206478883,0.18399755631659742
GFP,0.0,0.08201981676340397,0.11039492563705212,0.18241151268589045,-0.19347846780449543,0.42362112654483597,0.45716168380088185,0.17632416400864878,-0.021080452351758327,-0.16651412134659666,-0.13614158224168293,-0.6409270733673589,0.4916083898749215,0.2703775846073734,0.0,0.12837806963282017
