effector,S_area_end_mm2,S_AUC,S_AGR_mean,S_AGR_max,S_RGR_mean,S_RGR_peak,S_RGR_final,S_tt10
BM00001,-0.6587550631146009,-1.5066482181571004,-0.8195785130993217,-1.4341979797905033,0.3563131307090382,0.04910013224851341,-0.3770428439675627,0.26596122941704514
BM00002,-0.23586629001440762,-0.8248917585143534,-0.22747825414430137,0.011527025037854632,-0.23082087698507622,0.8733621425429183,0.4864886364369479,0.24066832574150662
BM00003,-1.3402846122001648,-1.8027230359765383,-1.439393656180293,-1.7201939984374848,0.012735519465061195,-0.6051554494706254,-0.48474971150769397,0.5948730066764015
BM00004,-2.4863278730145257,-2.600781659459102,-1.596200032210582,-1.86044350575602,0.17697290961154466,-0.7230343508353542,-1.2739149622157653,0.07771773990839823
BM00006,0.05907520715240637,-0.4748828970831883,-0.07376287305926416,-0.393299497920083,0.5405244731483524,-0.18875479052982624,0.42996508844819237,0.16925015218478265
BM00007,-0.11823438838723355,-1.2625702298301025,-0.040792109535379206,-0.4952732879903981,0.4438982130069947,-0.18149842755078277,0.6168734631634926,0.48062680793751233
BM00008,-0.7105500110254872,-0.8237943711746416,-0.8765695579619429,-1.4428042179972784,-0.30927217813885133,0.059909779388063036,-1.0261863513402651,0.4301382228221138
BM00009,0.06962277884064018,-0.49319820259022706,0.014916487566480383,-0.4115902784424673,0.015514474082608488,-0.47980837379766406,-0.33339471402209564,-0.08871518922138696
BM00010,-0.3861325685526744,-0.37858475656997426,-0.4693875617479886,-0.9074833564633069,0.7973340898822637,1.1626404249621147,-1.1763113146128097,0.054505385112307576
BM00011,0.07725779511065899,-0.627027589929102,-0.13330519323487644,-0.8332062546907113,0.6152243539056798,0.2797792521493176,-0.44698175628391035,0.6707234513511076
BM00012,-1.1771049699978047,-1.6466223664235886,-0.8260785925957335,-1.1549656372394912,0.4615007111508512,0.1530927324818708,1.0652865474754425,0.9367890597260151
BM00014,-0.8198284814403377,-1.0616029421475521,-0.9482113137901835,-1.312474576092623,-0.37754671627705244,-0.330796525939778,-0.42539436838409267,0.5361519232434862
BM00015,-0.9964301003888867,-1.4760459206999628,-1.002704180147691,-1.253324796185344,-0.22546128437273105,-0.22891218341028097,-0.5723529368587371,0.3993510060077717
BM00016,-0.052437961527555754,-0.7950071148563093,-0.3931995826899468,-0.6349898897534038,0.7772236718506035,1.1690241158836494,0.25970923918045447,0.6390496661834436
BM00017,-0.8603063269233544,-1.2389936068427405,-1.0118886196261498,-1.5391928851654644,-0.08166826625926843,-0.24589009678706794,0.22220906943224508,0.30185782438003317
BM00018,-0.9627191297378244,-2.426912125862368,0.3222288136231552,0.09748413916225879,1.9513953230149554,2.236529539440297,2.1472803176846385,1.3867573275586367
BM00019,-0.6002436894179792,-0.7317452620273559,-0.7224468855770587,-1.341524646825085,0.04668659644553618,-0.35145811319948955,-0.1296763502243992,0.10960682349946706
BM00020,-1.8951360409827636,-2.3638779618356267,-2.018665246717886,-2.4376605298597136,-0.13473819007827412,0.08983345188236846,0.9349047137489561,0.5569527973141936
BM00021,-1.2918946923709689,-1.896712376240472,-1.380220311216587,-1.5482296562634907,0.4941364605058038,0.22159797672445544,-0.7108825286653919,0.7840084902970537
BM00022,-0.5053108979178156,-0.8996401790836562,-0.4626540099281041,-0.97895932256736,0.55368383030231,0.9932753123635343,-0.19211005826302976,-0.28203132557235705
BM00023,-1.1292732717843341,-1.9126332508531747,-1.3417381568113536,-1.4314037496376284,0.6819276741254673,0.0660998570350609,0.22616856602346117,0.8426120598141371
BM00024,-0.8658851029574437,-1.903122273906222,-1.0251658308330382,-1.6205590894638011,-0.26510007588228973,-0.20550810465232458,2.386916909831704,0.9301134533418158
BM00025,-1.108464707649655,-1.6622768797695897,-1.2455489736912042,-1.5322559195042627,0.8789792724146998,1.9296027595301242,0.7713688521110394,0.6731138535484096
BM00027,-0.4021160917472469,-0.9931884642973161,-0.3717374164461678,-1.3154569918280834,-0.6168925816248834,-0.3422501009415798,0.5204080902777658,-0.12266936648540021
BM00028,-0.8414080192657054,-1.1225713518916682,-0.5994982688384958,-0.8058373874927047,0.11970356097990771,-0.22621657834433892,-1.2086707159181804,0.027371115449001275
BM00029,-1.883834982030526,-2.2014306262696173,-0.5262019725777525,-1.3000113966708977,1.1675083793899692,1.3152493734166861,-1.4485003408215478,2.5798374063254896
BM00030,-1.9499726488116196,-2.754305414006079,-2.1430979570771367,-2.2020888068890065,-0.5980620399968898,-0.08801899018237264,1.2860758747196845,1.6733525110213574
BM00031,-0.8691230474667837,-1.6940333652169426,-0.827759689781899,-1.0362424352107729,1.065855887654046,0.2812241392995689,1.2567583594518563,0.8441536844697821
BM00032,0.6006349114535108,0.2170392968650575,0.320472790633685,0.3373224941571266,0.1916829014079843,0.061957256469671304,-1.4097851082449315,0.08854591506226708
BM00033,-1.3350819691166227,-2.0909246739715677,-1.5025727332245802,-1.7332471451078872,-0.020451778722016024,0.05454418650182458,0.6146237667231602,0.7654187616873456
BM00034,-0.34459136780693495,-1.4378942603560951,-0.457699551110447,-0.3675375785584619,1.0753591306903314,0.44399581071560906,1.3481143292031628,0.5636182311380779
BM00035,0.438113115556095,-0.8708257534336036,0.08778910351425222,-0.6847360652207032,1.1741077988840942,1.4694688847443236,-0.287210066123558,0.47189658400100093
BM00036,0.6595268943776466,0.07198487726930967,0.6229627829918482,0.09817199415088923,0.3947611620529872,-0.14359988889561182,-0.9859318154203115,0.30936649196419747
BM00037,0.1039038733050432,0.1021935410179618,-0.38725726010537453,-0.952072243789553,0.1530179046055863,-0.13542936667518202,0.3301172765859618,-0.05176303638520883
BM00038,-0.020771608294711478,-0.5607037730492009,-0.12734742242743965,-0.268732616710767,0.03212520681419762,-0.589390701572518,0.5145776365137796,0.5784964721593375
BM00039,-1.4251311941584057,-2.0943673671174836,-1.624498096408765,-1.7384145333006888,2.293772400398997,3.1472401690830005,1.4348750591902244,0.7990942627090488
BM00042,0.13477558313815052,-0.8540196698776457,-0.06301344061045956,-0.003973066859746977,-0.2706704766070551,-0.720016017837465,0.19943377703046064,0.17810174204354196
BM00044,-1.196767054959421,-2.3274384618644794,-1.2694727201087,-1.4050592261682224,0.6857258976015139,-0.4053648230727905,1.6690686312163703,0.7735966139551705
BM00045,-0.582619114062516,-1.3013015053953594,-0.6510069500717689,-0.9123274329652935,1.3871505354503286,0.5917617036048783,1.535058223251264,0.5364934871411211
BM00046,0.30877418206985185,-0.75449988225734,0.2425071033775264,-0.4811973222772004,-0.22363601288724938,-0.3763854871406986,-0.3372079189238606,0.2229515540627756
BM00051,-0.5390957953015584,-0.9719435053212134,-0.6258991098885288,-1.1467004226085749,0.17758043318504435,0.8435665774672685,-0.1520111798268134,0.43727636332755215
BM00052,-1.9744630559496394,-2.489856941379681,-2.1399078610291546,-2.440215172515857,0.3291454494717638,1.4159489817387736,0.7925292949327989,0.9939367502697074
BM00053,-2.9452898989255996,-3.6163767564262246,-3.1350814796816064,-3.3984114450163707,-0.5867506716627724,0.08075830573114362,1.0515632868265279,4.117254218746597
BM00055,0.5652380994317713,-0.17500861642901447,0.32540992435516897,0.05085624330893675,-0.12935137290224993,-0.5742042836607905,1.3540636121283416,0.23060978466346738
BM00056,0.5323342972916398,-0.3966123816815086,0.6438883920626146,-0.22229348679962724,0.4326164833292027,-0.6517789782579516,0.10106799730661387,0.3189094205149078
BM00057,0.5524384525957443,-0.1660487904589049,0.5350499187680701,-0.18885713688800157,0.35458238016655885,-0.06002978548913658,0.6096815648804655,0.3203687875815154
BM00058,-0.8457492435276647,-2.022243260350977,-0.6808607708435601,-0.876833604245177,0.3373482962356346,-0.3130769815002446,2.9816721461552746,0.8903529139864994
BM00059,0.0019285526473530358,-1.3731424342464684,-0.0483883735794553,-0.9325321094126051,0.7681674082933835,0.4965530158983169,-0.15210276994496158,0.5101015702029164
BM00060,-0.317260010354231,-0.6080645324934595,-0.4345108083036761,-0.6712409782349067,0.5734914966825478,0.06250889481926589,-0.010388192325895511,0.4774665678641458
BM00061,-0.9765358911149826,-1.620473303961542,-1.0695320160382433,-1.1422296728805066,0.6707535916048526,0.5851170133925468,0.8702516605826398,0.7130734657918927
BM00062,-0.4561555356242419,-0.8848289804267628,-0.34346573548312875,-0.8728159554773546,1.580846508844945,0.3432476821475166,0.8904632199845144,0.34875050410430675
BM00063,-0.31343943680679265,-1.0809598839862016,-0.4475542920493856,-0.8106801556411267,0.5499035025780338,0.03131456349074906,0.3551652136323901,0.3695254751696313
BM00064,0.5609085504885674,-0.6052978634630156,0.39736174908295774,-0.16216833885668247,0.030264249260387097,-0.3030464068129576,0.3252404352560392,0.012239738110452486
BM00065,0.28473731668879676,-0.5659101039376349,0.011515207916463098,-0.5500357293867846,0.7338184984409348,0.18146772720000842,0.18271224941191372,0.544582424167476
BM00067,-1.3875892924960367,0.1296402477826528,-0.18596061973137934,0.5001478235888234,0.8213213707221648,0.42323890088701316,0.4024959856590412,0.5141394084746046
BM00068,-3.248915490039788,-3.8824232547472906,-3.4248240380860633,-3.7469844309574056,-4.506890221184388,-3.035977576627301,1.3570428161760943,4.964457219556976
BM00071,-0.39621274155756775,-0.23600237864637488,-0.49727498833206624,-0.838481281897194,0.36737741976219596,0.04022097010324119,0.19851780350707562,0.2176597651612005
BM00073,-2.0235379649709855,-3.060047313814234,-2.226302218182381,-2.1205900764862244,0.6415187150398467,0.9491516912924598,2.2277633218533777,0.9070039769684186
BM00075,0.01163738641466807,-0.8346743460700354,-0.06011039558745173,-0.08852090238525447,2.146594240486276,2.00717484777392,0.055410127710078444,0.4046445516233749
BM00076,0.9082786717823798,-0.5219982348043305,1.0767667437267765,0.7047018923786973,0.2683348475526773,-0.6062760388326016,0.9157129950174469,0.22711702487724664
BM00077,1.7026934900628856,0.41289688560707694,1.723478018007212,1.559412547919297,1.0658940471513678,0.09763870865349482,1.5631990605800834,0.44920728884429934
BM00078,-0.18551080534472378,-1.1097998457217837,-0.13361748792151573,-0.679146096036527,1.5131314775701077,2.013920902727083,2.5339005502580165,0.9832026197953755
BM00079,1.1830232053357428,0.09861241287939491,1.3744764444397366,1.503424248629902,1.3935584721696166,1.1239546830089484,0.24494148882916036,0.49340712732767084
BM00080,0.2558731131844953,-1.0394831864080802,0.21983786400391198,0.2800709722655933,0.7271069608561311,-0.25294477250992514,1.2314250858410012,0.04092537722521826
BM00083,-0.14324236014505745,-0.38038332824249965,-0.053744637966949324,-0.8591231560032542,-0.05249457122920336,0.027191203731553718,0.17620703862322756,-0.05645231207584196
BM00084,-2.9960150316626475,-3.488405634022008,-3.165537726631635,-3.4640423400287363,-2.338745075321043,0.6465438258202169,2.6164800793074865,3.8560505301411276
BM00085,1.0469096746888926,0.4424338463190286,0.7398112461013586,0.5384029947214681,0.7166703839372843,0.4333914903176227,0.7214065141787862,-0.06856619699225325
BM00086,-0.5706472495175612,-1.291141985226019,-0.6096137315181084,-0.9703368754948852,0.28260202893236924,-0.15272065804007748,1.7380537980471242,0.39451348411589393
BM00088,-3.149729533567038,-3.733287811727909,-3.3301831388522136,-3.5385143423682046,-3.341329437776492,0.11897468870378262,-0.2862109498888364,4.964457219556976
BM00090,0.5572570053732425,0.43413076623743246,0.7015000076457305,0.4370230659190889,0.5782116572580274,-0.1564841985140258,-1.2627912446260536,0.2290240099664467
BM00091,0.005306340401308809,-0.5841952406696378,-0.08414982806855785,-0.6149873700682452,0.9106444368648098,1.596547242361812,-0.5929838424352022,0.29765266571563387
BM00092,-0.673196089887974,-1.0187518303200613,-0.6605665875360386,-1.441987759169337,2.3207005777071164,4.896104157326639,1.0091105853671185,0.42584406984451373
BM00093,0.0424288483975273,-0.3701816191464829,-0.051591376871959194,-1.0555208962979357,0.4992831847661615,0.28776803602905787,1.967394977106406,0.09889536141857447
Col-0,-0.07066974230712499,0.3420549028047222,0.0,0.10595015787629741,-0.19547332360716116,-0.18917729271806166,-0.5037843853853381,-0.18816513404407967
EmptyVector,0.45039847428372703,-0.6793368076824768,0.53899391164649,-0.6014975730958798,-0.12957742528971858,-0.21745690470670193,0.03060200616417244,0.16080165171118158
GFP,-0.020157077253175695,-0.15915853416417863,-0.12930754413481355,-0.6096363869597933,0.41047954769124423,0.25121860709076826,0.0,0.11219391199375638
