effector,replicate,n_timepoints,days_post_inoculation,area_end_mm2,AUC,AGR_mean,AGR_max,RGR_mean,RGR_peak,RGR_final,dpi_to_10mm2,outliers
BM00001,1,13,28,56.83856485,507.8687168,2.008584137,5.454244604,0.144636314,0.35341908,0.086449478,12.1444565,FALSE
BM00001,2,12,28,126.2901705,960.9788215,4.17105242,12.049387,0.146014734,0.227148673,0.11239863,10.89053177,FALSE
BM00001,3,10,21,46.83144905,418.7831087,2.161410694,6.181559047,0.136901813,0.234070366,0.011627872,8.730928461,FALSE
BM00001,4,12,28,108.3236835,1108.730208,3.727510407,8.062540671,0.128956567,0.208301822,0.058568417,7.410507302,FALSE
BM00001,5,11,28,145.7019503,1503.37116,4.790245305,8.898042372,0.205188419,0.376380058,0.067457956,6.850552807,FALSE
BM00001,6,13,28,101.6617054,806.7848933,3.543703118,10.67645294,0.139015856,0.190156649,0.084575074,11.02538756,FALSE
BM00001,7,11,25,125.5693709,1071.863315,5.271539047,11.60259089,0.176023767,0.314364342,0.069197024,7.280741259,FALSE
BM00001,8,13,28,104.0936704,973.7878398,3.596032759,7.981930699,0.135357698,0.304336777,0.081168202,8.373180392,FALSE
BM00001,9,13,28,132.7495792,1187.599785,4.554453846,9.529323377,0.162780922,0.301570276,0.080840288,7.446808026,FALSE
BM00001,10,13,28,34.30783547,362.9191017,1.168348376,2.239024393,0.124317149,0.499894572,0.059073251,13.49951677,FALSE
BM00001,11,13,28,120.9333452,1013.966685,4.260544122,9.352680175,0.194686622,0.343911169,0.071271978,10.27715254,FALSE
BM00001,12,12,28,0.603323459,16.42831188,0.019877769,0.504037035,0.025783719,0.594308708,-0.065102917,,TRUE
BM00002,1,13,28,121.5527825,1191.074243,4.203398,8.437451604,0.148781736,0.295092551,0.065622082,7.386503322,FALSE
BM00002,2,13,28,125.5937266,1140.862798,4.398105109,9.650095992,0.151107627,0.341547364,0.078785477,8.022214405,FALSE
BM00002,3,13,28,139.5993543,1348.004997,4.925585344,9.83253456,0.154761783,0.264893636,0.06703391,6.7592137,FALSE
BM00002,4,12,28,1.476447247,47.95710156,0.020139555,0.523739733,0.025587135,0.37215745,-0.10349757,,TRUE
BM00002,5,13,28,82.592211,699.8891128,2.879553777,7.863083327,0.137748914,0.27199192,0.077821463,11.45256427,FALSE
BM00002,7,13,28,101.4285214,831.8226829,3.526364448,8.690179795,0.150720318,0.291720597,0.099034825,11.06168213,FALSE
BM00002,8,13,28,65.07398133,637.7361567,2.174132998,6.212020683,0.124649365,0.21988225,0.112469482,9.639232529,FALSE
BM00002,9,13,28,137.1635452,1244.841571,4.723276456,9.168895177,0.147206669,0.229727161,0.07275883,9.159817361,FALSE
BM00002,10,13,28,78.42057355,653.0661522,2.545277449,7.475096835,0.107330348,0.207042824,0.112272952,11.58941008,FALSE
BM00002,11,12,28,112.9542002,972.5488689,3.686368363,8.286789997,0.138817385,0.188273496,0.082859977,9.485649233,FALSE
BM00002,12,13,28,85.4247184,872.1923093,2.970862459,7.218922882,0.12368627,0.199830641,0.055479808,8.264833346,FALSE
BM00003,1,13,28,2.045220957,56.27625746,-0.007848253,0.50380956,-0.005410061,0.210887994,0.163301071,,TRUE
BM00003,2,12,28,124.2396759,1225.929874,4.437253627,7.58717838,0.124616461,0.269488115,0.0582711,7.104144047,FALSE
BM00003,3,12,28,75.08775866,594.740836,2.438433798,8.611980018,0.134833059,0.209325975,0.140570417,11.13210116,FALSE
BM00003,4,13,28,88.99346317,796.7629671,3.005761587,7.381917257,0.126980572,0.199190062,0.09538195,9.670085252,FALSE
BM00003,5,11,28,64.48499908,581.1151073,1.772262742,5.150882097,0.092621226,0.142676048,0.091317428,11.47647935,FALSE
BM00003,6,12,28,142.687872,1278.660526,4.579455023,10.0670041,0.164099631,0.317842716,0.071904695,7.437616252,FALSE
BM00003,7,13,28,2.587450236,28.52385079,0.090384293,0.68303156,0.081168406,0.566021724,0.523302992,,TRUE
BM00003,8,12,28,97.63000453,983.9048195,3.009267004,6.540994963,0.103409161,0.283797778,0.039665184,10.10888468,FALSE
BM00003,10,12,28,76.38914844,610.3941898,2.338352789,6.240656973,0.153284581,0.372589666,0.105011273,13.55856826,FALSE
BM00003,12,13,28,89.35285561,1028.825189,3.093629438,5.264319847,0.140142127,0.3221852,0.057027396,5.991324692,FALSE
BM00004,1,1,0,0.570322124,0,,,,,,,TRUE
BM00004,2,11,25,31.99592795,496.7395433,1.138000337,3.177944836,0.12413797,0.26118561,0.017266472,7.885709924,FALSE
BM00004,3,12,28,105.4684949,885.8657124,3.153179973,9.057427417,0.148879094,0.232508234,0.11220993,9.563960112,FALSE
BM00004,4,1,0,1.290149667,0,,,,,,,TRUE
BM00004,6,7,14,20.39237215,96.37698401,1.297945111,3.024413306,0.193132795,0.286078711,0.196222168,10.46503633,FALSE
BM00004,7,13,28,93.02360066,864.0521069,3.168645818,7.491762658,0.14438679,0.229286544,0.092185157,8.103492298,FALSE
BM00004,12,3,4,5.360566922,19.01789069,0.197741367,0.408352883,0.039910937,0.082646307,0.082646307,,TRUE
BM00005,7,1,0,3.276338625,0,,,,,,,TRUE
BM00006,2,13,28,129.3487853,1301.61142,4.453217643,9.234111881,0.15469625,0.284022102,0.076664415,6.380593573,FALSE
BM00006,3,3,4,1.148799409,4.974407365,-0.024603374,0.020992311,-0.020548495,0.016554283,-0.057651274,,TRUE
BM00006,4,13,28,113.0303943,957.6403046,3.842383969,8.627190173,0.154309953,0.233873443,0.075466267,9.493538731,FALSE
BM00006,5,13,28,74.42922055,661.5514953,2.580467525,6.400060999,0.14259952,0.270951715,0.063588078,11.52287604,FALSE
BM00006,6,11,28,95.25899871,949.2634858,3.340152594,6.484383084,0.101041685,0.18657592,0.072688364,8.052395798,FALSE
BM00006,7,13,28,149.3162971,1478.262011,5.146802529,9.818327173,0.142103329,0.249922078,0.067882001,5.813887793,FALSE
BM00006,8,11,28,130.8650951,1383.59405,4.836669783,10.27872588,0.124877281,0.254631154,0.062313857,5.790780299,FALSE
BM00006,9,13,28,88.13405604,675.9100693,2.944398221,9.092810961,0.137365019,0.285413147,0.123451598,11.99158782,FALSE
BM00006,10,12,28,37.2967145,389.1201599,1.187302214,2.857292821,0.099100456,0.256302746,0.049963246,13.28710847,FALSE
BM00006,11,12,28,114.5728839,968.9120847,3.923198654,8.964882425,0.150872853,0.300496354,0.08917915,9.06911181,FALSE
BM00006,12,13,28,131.0051975,1317.460124,4.552478837,9.690828212,0.15289153,0.312063723,0.043658071,6.981407098,FALSE
BM00007,1,13,28,76.48141404,660.6408217,2.658342837,6.254198583,0.126017073,0.26028261,0.083817687,12.64920117,FALSE
BM00007,2,1,0,2.068949266,0,,,,,,,TRUE
BM00007,4,13,28,130.2775017,1131.467928,4.442568893,10.33792523,0.164670856,0.258552879,0.090628866,8.364447314,FALSE
BM00007,5,13,28,80.83627171,755.7392941,2.809908321,6.096629522,0.146647355,0.412599949,0.077257249,11.15430911,FALSE
BM00007,7,13,28,143.4057954,1381.552095,4.993918557,9.830345419,0.155471358,0.254395901,0.066654473,6.688698959,FALSE
BM00007,10,13,28,83.14083176,806.6154906,2.900444122,5.969216215,0.139384455,0.350776157,0.064010027,10.06730798,FALSE
BM00008,3,5,9,9.80568506,62.56480801,0.49140513,1.014335941,0.070530612,0.137656756,0.043173507,,TRUE
BM00008,4,13,28,108.7365398,886.5575274,3.730292788,9.586192826,0.124288325,0.308643587,0.102392259,9.921332555,FALSE
BM00008,5,13,28,7.223549697,82.38217273,0.143922044,1.396458168,0.031851793,0.558039542,0.289135619,,TRUE
BM00008,6,12,28,93.64886686,944.47525,3.287467292,7.414681052,0.132598827,0.260670682,0.056983565,8.006194342,FALSE
BM00008,7,12,28,121.230147,959.9609885,3.588538737,10.49959047,0.1333327,0.183335999,0.113494613,9.78385119,FALSE
BM00008,8,13,28,90.95715829,911.9752452,3.10035093,5.936745601,0.118204078,0.189279176,0.072639522,7.780491046,FALSE
BM00008,9,13,28,110.2618249,1029.681684,3.737992699,7.446945749,0.127453587,0.205393492,0.075473073,8.998323839,FALSE
BM00008,11,6,21,89.85920163,742.6694995,4.968097741,8.230027475,0.125545486,0.157682337,0.101165855,2.378367252,FALSE
BM00009,1,12,28,120.2385046,972.2473124,4.007701895,10.13962167,0.169616863,0.281263499,0.097224551,10.49886262,FALSE
BM00009,2,2,7,51.6235562,243.1559094,4.824856489,4.824856489,0.151714169,0.151714169,0.151714169,,TRUE
BM00009,4,1,0,3.117056479,0,,,,,,,TRUE
BM00009,5,13,28,133.954731,1212.893147,4.610571949,10.73582306,0.151323107,0.325682772,0.09167,6.351603959,FALSE
BM00009,9,12,25,52.10740195,717.4674717,1.979859023,5.290689143,0.142520224,0.427177749,-0.016847906,7.316983216,FALSE
BM00009,10,13,28,50.80103646,466.3235682,1.723379119,3.90887372,0.127101432,0.31248785,0.087482948,13.25481355,FALSE
BM00009,11,12,28,121.7034306,1176.017149,4.190136921,9.870409395,0.153743142,0.32032958,0.092932304,6.69092287,FALSE
BM00010,1,13,28,97.90756497,990.1060879,3.324439804,6.052022311,0.144047171,0.244347482,0.066550476,8.454022114,FALSE
BM00010,2,13,28,118.7575576,1087.189695,4.11810126,8.736018625,0.137805322,0.238283589,0.066331634,8.497336315,FALSE
BM00010,3,12,28,76.44449428,700.5116849,2.528635163,5.445913667,0.133349554,0.34478104,0.08014757,10.56789566,FALSE
BM00010,4,12,28,123.5681965,1111.852427,4.097716771,8.744587343,0.156951446,0.294634286,0.079546792,8.392354098,FALSE
BM00010,5,12,28,155.7744085,1389.040813,5.456228337,12.1923039,0.120590225,0.271223754,0.072436695,9.279821277,FALSE
BM00010,7,13,28,131.6590345,1300.250707,4.522049789,9.288298218,0.133571949,0.314143704,0.066470079,5.869074997,FALSE
BM00010,9,13,28,115.119084,1089.131296,4.023854123,7.889420506,0.166331871,0.323636835,0.076721912,8.495391097,FALSE
BM00010,10,13,28,125.2350839,1138.936373,4.342253303,9.714509586,0.146004756,0.240954902,0.088297069,7.788186453,FALSE
BM00010,11,13,28,141.4973761,1350.819406,4.978657403,11.22421635,0.164733877,0.407322239,0.087165021,5.826792199,FALSE
BM00010,12,12,28,115.8643704,941.0805676,4.017570396,9.257989472,0.145783618,0.235420224,0.091352235,10.19378419,FALSE
BM00011,1,12,28,67.76486883,681.5001107,2.543153371,4.988199385,0.15081529,0.317704418,0.051908547,10.60318309,FALSE
BM00011,2,12,28,76.49069745,722.9745461,2.502639392,6.894625925,0.107914157,0.256080345,0.101611151,6.904853034,FALSE
BM00011,3,13,28,143.9632644,1103.097704,5.010460262,12.45224453,0.165983527,0.363110783,0.100137795,10.91447701,FALSE
BM00011,4,13,28,142.7173016,1193.31604,4.917945609,10.85487704,0.15755031,0.288055187,0.086332815,9.435613879,FALSE
BM00011,5,13,28,136.590367,1229.61605,4.809909614,10.97989544,0.170140308,0.390803879,0.08014161,7.34943222,FALSE
BM00011,6,13,28,114.4524046,1005.843544,4.032566239,9.751605791,0.152453947,0.377624881,0.06952976,9.462219084,FALSE
BM00011,7,1,0,1.094847467,0,,,,,,,TRUE
BM00011,8,12,28,1.052121144,23.18603401,0.049910089,0.577925699,0.062208803,0.39217924,0.102881141,,TRUE
BM00011,9,13,28,120.412227,1098.749704,4.182955015,10.61155113,0.16416125,0.300435098,0.087973509,10.25274591,FALSE
BM00011,10,13,28,118.4265752,967.1720861,4.07475114,9.820316897,0.153305029,0.277857964,0.095347699,10.38897808,FALSE
BM00011,11,12,28,132.3876638,1033.276655,4.424240895,11.19569208,0.162568862,0.284774901,0.097543638,9.205660359,FALSE
BM00011,12,12,25,28.33016357,371.7272098,1.068211899,2.852465416,0.154407113,0.474123117,0.052667235,10.43531101,FALSE
BM00012,1,1,0,5.444617085,0,,,,,,,TRUE
BM00012,2,11,28,94.86258055,824.182993,3.492049179,8.046678761,0.131448501,0.193278099,0.09788831,10.81293196,FALSE
BM00012,3,13,28,33.87215038,339.5308885,1.006429327,3.762172455,0.072808801,0.213729147,0.135093052,13.18430902,FALSE
BM00012,4,13,28,104.2027327,892.7744413,3.578352981,9.17379888,0.169626898,0.264887023,0.096561043,10.53567456,FALSE
BM00012,5,12,28,3.413170063,30.89224839,0.041749068,0.868874348,0.079213431,0.523984278,0.480878193,,TRUE
BM00012,6,1,0,1.753069473,0,,,,,,,TRUE
BM00012,7,11,25,0.819193044,21.71963121,0.020247725,0.27589403,0.030124285,0.360105958,0.232270576,,TRUE
BM00012,8,13,28,174.0577538,1461.137972,6.142044952,13.26068887,0.195356173,0.449569607,0.068731876,9.895932824,FALSE
BM00012,9,12,25,58.74436812,469.1248947,2.274606992,4.692220205,0.142505166,0.24153634,0.087028186,11.75396695,FALSE
BM00012,12,12,28,2.279083494,67.48414129,0.016660746,0.451873005,0.006218756,0.198721264,-0.018044658,,TRUE
BM00014,1,13,28,113.8010242,1068.400594,3.998324872,7.959409008,0.165156724,0.368501456,0.073856287,7.576557632,FALSE
BM00014,3,12,28,1.395951358,53.29622845,-0.026426567,0.490626023,-0.015159123,0.196556243,0.066775586,,TRUE
BM00014,4,13,28,178.5122307,1678.119659,6.197548933,11.31496608,0.173337933,0.363616848,0.062482627,6.389226682,FALSE
BM00014,5,12,28,98.42308345,1017.139508,3.353319544,6.594312971,0.142662086,0.373938518,0.056874895,9.489694248,FALSE
BM00014,6,13,28,134.6880185,1295.101326,4.649674034,9.781588342,0.158286637,0.319540917,0.081912344,5.829722614,FALSE
BM00014,7,13,28,95.20943576,964.0267959,3.249545512,6.143660159,0.130564863,0.248599095,0.071718327,6.821453976,FALSE
BM00014,8,13,28,78.02039785,793.0131901,2.660456976,5.009214675,0.1384267,0.405240439,0.071316867,7.333119306,FALSE
BM00014,9,12,28,23.6234639,231.8813085,0.722918435,2.196581361,0.080910254,0.284843089,0.109015184,17.69839971,FALSE
BM00014,10,13,28,1.955239154,38.45097558,0.020662381,0.284361605,0.011060577,0.231431201,0.050460147,,TRUE
BM00014,11,5,9,2.002295,10.90923059,0.085131001,0.445300623,0.051376216,0.294204633,0.294204633,,TRUE
BM00014,12,12,28,98.54657246,680.2084966,3.452165506,9.304598607,0.221450661,0.517860434,0.10935486,13.23368147,FALSE
BM00015,1,12,28,85.90705652,801.4069421,2.854975578,6.606737227,0.124967001,0.251886371,0.083164397,9.214332564,FALSE
BM00015,3,13,28,142.2923543,1340.571093,4.973162674,10.2895515,0.147400794,0.271266697,0.068716638,7.669211996,FALSE
BM00015,4,13,28,124.6009088,1111.956599,4.33171443,8.685884373,0.145750425,0.199334883,0.076990204,9.104756888,FALSE
BM00015,5,13,28,70.47212585,672.5312332,2.461863737,5.563742807,0.144575517,0.612209425,0.068305871,10.89020303,FALSE
BM00015,6,13,28,90.54305248,946.1200818,3.121039066,5.966444576,0.157151228,0.46741008,0.073419509,8.011991803,FALSE
BM00015,7,12,28,88.56531595,759.5836882,2.844784251,6.922549513,0.153526253,0.282234677,0.089070841,10.75378579,FALSE
BM00015,8,13,28,98.07570106,810.9844703,3.358380195,8.05409474,0.15435247,0.474307455,0.094281758,10.70462326,FALSE
BM00015,9,13,28,44.71350318,389.2815187,1.527770178,3.487898233,0.149171675,0.238003447,0.082876907,15.29037643,FALSE
BM00015,11,13,28,115.1590999,1021.066445,3.963877553,8.08334489,0.173642558,0.366291842,0.078128222,9.655312736,FALSE
BM00015,12,13,28,107.0029,990.6894363,3.628240046,7.78576449,0.128371276,0.245016393,0.082089011,9.20871967,FALSE
BM00016,1,13,28,149.8321406,1212.308374,5.256166504,19.5266223,0.177476204,0.255800965,0.075551109,9.859512256,FALSE
BM00016,2,13,28,79.13156504,849.0467543,2.769214595,4.878667628,0.145752063,0.350750954,0.06817181,7.784796481,FALSE
BM00016,3,13,28,97.86709401,764.6203577,3.389424149,8.396224551,0.149548461,0.228397726,0.099188622,11.67150528,FALSE
BM00016,4,13,28,129.5221521,1116.20143,4.533319514,9.193757162,0.163407012,0.223216183,0.079819627,9.595651844,FALSE
BM00016,5,13,28,89.57648576,723.5771275,3.03728079,8.334818876,0.160169354,0.245006421,0.109103839,12.04901914,FALSE
BM00016,6,13,28,54.18678092,445.5891592,1.819417967,4.911581023,0.115625505,0.190028513,0.105783761,14.8488641,FALSE
BM00016,7,13,28,1.646814659,56.05156065,-0.003613051,0.325927883,-0.003302908,0.161666107,-0.159733753,,TRUE
BM00016,8,12,28,103.448145,1001.071569,3.285527635,7.371345716,0.125075899,0.222311022,0.072837162,9.013353884,FALSE
BM00016,9,12,26,131.8949463,1096.245484,4.885914772,11.0070953,0.147621264,0.230166679,0.096054289,7.494617769,FALSE
BM00016,10,13,28,127.1043354,1106.88341,4.467341383,10.05161885,0.167344742,0.360880925,0.066793661,9.982233703,FALSE
BM00016,11,12,28,4.570818991,58.13542407,0.137222719,0.664649249,0.056702487,0.311975908,0.086504274,,TRUE
BM00016,12,13,28,103.8631743,1020.458523,3.649756162,6.903256927,0.226184303,1.020442019,0.067109777,7.310768132,FALSE
BM00017,1,13,28,118.1310115,1123.513719,4.091403047,8.606473382,0.156539739,0.327524352,0.073923582,7.73894742,FALSE
BM00017,2,13,28,142.4646521,1403.554555,4.842376085,9.861266713,0.143024576,0.291789362,0.077587019,5.689964523,FALSE
BM00017,3,13,28,132.8109277,1187.339167,4.527559017,10.20843324,0.15119783,0.279558341,0.087378493,8.209611835,FALSE
BM00017,4,13,28,118.4342261,1107.358104,4.103425755,7.825463131,0.16525724,0.325618142,0.073641595,9.457166793,FALSE
BM00017,5,13,28,108.3627615,1043.936997,3.688864583,8.780139242,0.131236608,0.260839752,0.092830935,6.047956357,FALSE
BM00017,6,11,28,98.77303047,955.7643695,3.147967358,5.942478413,0.125597919,0.217388398,0.065001453,9.077673815,FALSE
BM00017,7,12,28,73.51523869,638.6364022,2.619863387,6.021700628,0.130360207,0.190715094,0.077952225,11.66251047,FALSE
BM00017,8,11,25,81.43928886,805.8667035,3.086108547,5.994534838,0.169853158,0.503566802,0.079623798,6.024747367,FALSE
BM00017,9,12,28,89.95140642,772.3445456,2.974088944,7.669080653,0.16013433,0.400536668,0.09847023,10.59275823,FALSE
BM00017,10,11,28,50.48053674,500.5064659,1.585173013,4.132387762,0.121358872,0.240464451,0.093936685,11.2337883,FALSE
BM00017,11,12,28,79.35867779,692.0465036,2.96509647,6.488767719,0.194995014,0.61535448,0.083606233,10.80228383,FALSE
BM00017,12,12,28,116.1663321,1087.142735,4.022437863,8.327646129,0.137396319,0.231573454,0.073736309,7.799393717,FALSE
BM00018,1,1,0,2.654011502,0,,,,,,,TRUE
BM00018,2,11,28,2.055584661,53.46000371,0.067887559,0.520193278,0.042834371,0.733215209,0.056656638,,TRUE
BM00018,3,13,28,89.61724623,865.6948053,3.046208555,7.622691848,0.13906208,0.294738714,0.09820197,8.279783162,FALSE
BM00018,4,13,28,1.724603176,37.29931261,0.052974666,0.581031657,0.043935214,0.406313861,-0.031222377,,TRUE
BM00018,5,13,28,1.030732667,36.26345847,0.051233156,0.785938773,0.059200802,0.424058415,-0.108823149,,TRUE
BM00018,6,13,28,0.662831816,22.72440228,0.025116175,0.480729462,0.029130284,0.566499176,-0.068782349,,TRUE
BM00018,7,12,28,0.38965389,37.27359351,-0.045883055,0.630688365,-0.048487954,0.411578201,-0.335016322,,TRUE
BM00018,8,13,28,1.426343602,54.66587984,-0.02564696,0.571300087,-0.016940494,0.208333293,-0.03662031,,TRUE
BM00018,9,12,28,1.571453103,52.49752063,0.07281355,0.499997655,0.053956158,0.422069009,-0.037334392,,TRUE
BM00018,10,13,28,2.882637809,64.14810639,-0.017842595,0.314706324,-0.006856693,0.127031529,0.127031529,,TRUE
BM00018,11,13,28,117.6431723,1147.377442,4.163729839,7.753310585,0.160164374,0.32399585,0.070599781,7.730730313,FALSE
BM00018,12,13,28,2.663438039,35.63272612,0.020726811,0.779711491,-0.001556837,0.701897683,0.701897683,,TRUE
BM00019,1,12,28,133.6420038,1153.858675,4.244483665,9.994613573,0.177687607,0.257966374,0.084688673,9.668259805,FALSE
BM00019,2,13,28,70.68818051,668.8677417,2.422856492,5.602206631,0.168671524,0.487967026,0.090496688,11.15035339,FALSE
BM00019,4,13,28,140.7820898,1300.390325,4.832169993,10.03639562,0.142450149,0.29968714,0.073369073,7.527150107,FALSE
BM00019,5,10,28,137.0405997,1325.033214,4.740532372,9.819410031,0.172883792,0.386954557,0.080673482,5.801038246,FALSE
BM00019,6,13,28,90.5493026,896.3055582,3.038679931,6.994036267,0.13467752,0.280780991,0.084602276,8.189538944,FALSE
BM00019,7,13,28,3.795414131,91.03798166,0.034536595,1.349635715,0.0070494,0.308708321,0.12733725,,TRUE
BM00019,8,12,25,72.52874076,487.4425013,2.937907214,8.698170678,0.178650532,0.457136414,0.137122677,11.92820185,FALSE
BM00019,9,13,28,34.79801964,657.2654011,1.16223233,2.564788785,0.10335781,0.363173214,-0.002075087,5.943709557,FALSE
BM00019,10,2,2,1.4290222,2.695902831,0.081070784,0.081070784,0.060216375,0.060216375,0.060216375,,TRUE
BM00019,11,13,28,145.8230183,1316.547785,5.079765812,11.14164497,0.159612134,0.29592227,0.086782266,6.75821683,FALSE
BM00019,12,13,28,139.3846501,1273.009992,4.893665171,10.41399073,0.165095951,0.293463674,0.074067048,7.568297158,FALSE
BM00020,1,13,28,127.5702813,1138.662208,4.398258708,8.468969447,0.139959047,0.215053033,0.074031404,9.361150036,FALSE
BM00020,2,13,28,76.71799886,648.6302676,2.553290384,6.840769861,0.113910748,0.20324884,0.103765432,11.4445561,FALSE
BM00020,3,13,28,95.68706018,1058.388515,3.36445612,5.577001145,0.149706787,0.343611663,0.048435048,7.465876057,FALSE
BM00020,4,12,28,60.5064008,499.322499,1.942901955,5.111526423,0.127509831,0.2917417,0.097425228,14.39123159,FALSE
BM00020,5,9,18,14.79423425,160.4650001,0.729510637,1.767901116,0.11349147,0.229849136,0.013848226,9.290020848,FALSE
BM00020,6,11,25,1.385903526,33.86894033,-0.003435911,0.347504718,-0.004075836,0.218585019,0.103450319,,TRUE
BM00020,7,13,28,60.5359795,532.9680408,2.029155852,5.358098083,0.103223946,0.237891435,0.102870026,12.34762901,FALSE
BM00020,9,13,28,81.03422134,688.0957579,2.681221526,7.584237045,0.108256308,0.198254038,0.109862219,11.56497634,FALSE
BM00020,10,13,28,125.6006078,1087.479151,4.344788272,10.03127428,0.130025075,0.280758569,0.091303267,7.971433855,FALSE
BM00020,11,13,28,66.98461816,675.6428878,2.212012884,5.106001971,0.102738803,0.189850693,0.080801747,9.593559565,FALSE
BM00020,12,13,28,82.15832544,919.1693814,2.841327902,7.245694804,0.114162486,0.231111785,0.043886596,7.590828273,FALSE
BM00021,1,13,28,58.4761043,565.3145356,1.996734906,4.223143791,0.12780332,0.280629287,0.069584325,11.30849755,FALSE
BM00021,2,13,28,142.6021437,1264.948983,4.934362289,9.856928681,0.145643097,0.194602683,0.074453925,8.314078017,FALSE
BM00021,3,13,28,149.2201668,1406.031769,5.296219411,10.89109453,0.167582673,0.304701451,0.061412982,7.33033392,FALSE
BM00021,4,11,28,1.823244315,41.80995708,0.023347282,0.435715923,0.014062957,0.269391443,0.134935116,,TRUE
BM00021,5,13,28,97.85728024,878.2451059,3.410920107,7.559788149,0.153341631,0.365826175,0.079351023,9.391373636,FALSE
BM00021,6,13,28,93.76068255,712.4524857,3.225763812,7.928631348,0.157491194,0.316064082,0.097536864,12.00112316,FALSE
BM00021,7,12,28,112.3107548,979.1777975,3.599025053,8.907931799,0.178620681,0.305590709,0.090578899,8.510890887,FALSE
BM00021,8,11,28,88.67775256,728.4373537,3.053349629,7.245415457,0.149198102,0.270454312,0.082294635,11.36987367,FALSE
BM00021,9,13,28,95.42691907,719.1366233,2.544897662,26.67743786,0.131703894,0.608114518,0.608114518,9.179048541,FALSE
BM00021,10,13,28,98.87230139,808.4180469,3.379898225,7.691961812,0.166649441,0.356895816,0.088592708,11.6943676,FALSE
BM00021,11,13,28,148.1362474,1230.931436,5.165308806,11.65571184,0.156022915,0.279643278,0.089749725,9.102335787,FALSE
BM00021,12,12,28,67.4726443,703.3481623,2.043474186,4.735025356,0.086549767,0.281552773,0.078798192,8.329768383,FALSE
BM00022,1,13,28,122.914459,1214.995131,4.3806005,8.628938853,0.151021156,0.253885219,0.062779326,6.977918374,FALSE
BM00022,2,13,28,4.115332687,83.89858127,0.118653879,0.855737423,0.050509891,0.315919917,0.278300003,,TRUE
BM00022,3,13,28,79.3314078,874.9532379,2.721022238,5.675609744,0.12252086,0.250257982,0.061347007,7.448851138,FALSE
BM00022,4,11,25,94.89614539,929.4930712,3.640591189,6.549721634,0.164355565,0.32531623,0.07427308,5.640093376,FALSE
BM00022,5,13,28,74.6581186,625.4540631,2.567903081,5.789508238,0.130792165,0.247369597,0.087062067,12.19968293,FALSE
BM00022,6,13,28,2.45134191,92.78997232,0.128151891,1.708991944,0.05986429,0.59113088,-0.189901988,,TRUE
BM00022,7,12,28,1.378600999,36.4347009,0.021375615,0.284563731,0.015975676,0.270514855,-0.108803471,,TRUE
BM00022,8,13,28,77.1572151,622.5577735,2.574681363,6.203379592,0.112702476,0.241884975,0.092004647,13.33334213,FALSE
BM00022,9,11,26,136.3739694,1342.739385,4.938871029,8.485874447,0.141866768,0.292287158,0.06887487,3.280165514,FALSE
BM00022,10,13,28,2.732065473,68.93239339,0.126985247,0.880532127,0.063942935,0.322532825,-0.060222528,,TRUE
BM00022,11,13,28,150.4000806,1391.08094,5.284343314,11.73828194,0.168855543,0.450251465,0.07462269,5.762677657,FALSE
BM00022,12,13,28,1.088096963,25.73747639,0.044514284,1.174561811,0.048463949,0.744725372,0.290160399,,TRUE
BM00023,1,13,28,171.9075854,1639.990315,5.909111184,14.06291969,0.1320271,0.328648649,0.058958167,5.904892963,FALSE
BM00023,3,12,28,107.0237403,1066.941856,3.516493527,6.807089259,0.134795546,0.422677062,0.059963931,8.076736397,FALSE
BM00023,4,13,28,1.973426106,48.4667152,0.028582539,0.39626991,0.020998394,0.281256997,0.069607363,,TRUE
BM00023,5,13,28,107.9881185,1092.90573,3.765238861,8.313884873,0.138161041,0.27903128,0.050408968,7.646495064,FALSE
BM00023,6,13,28,1.52444335,63.29557332,0.038996534,1.494404549,0.010537063,0.449266841,-0.009610917,,TRUE
BM00023,7,11,26,98.0837016,778.5007595,3.388972484,8.421254784,0.159041807,0.32843101,0.099277144,9.999196006,FALSE
BM00023,8,12,28,78.65924185,865.3803697,2.529935225,4.536865994,0.120812469,0.242192774,0.063329924,7.269932845,FALSE
BM00023,9,13,28,1.441510455,39.61811697,0.068293352,1.170629273,0.049276565,0.655071354,0.068533081,,TRUE
BM00023,10,13,28,79.72817748,707.8897032,2.619337105,6.312132692,0.123013716,0.223972387,0.090389498,10.98108214,FALSE
BM00023,11,13,28,66.36745339,561.3332569,2.230234114,6.157406013,0.125180886,0.236890751,0.108730249,12.27026177,FALSE
BM00023,12,13,28,97.04828981,951.1882457,3.276076994,6.156537606,0.120245416,0.221273098,0.070369437,7.844462673,FALSE
BM00024,1,13,28,120.4484831,990.1448174,4.274323121,10.55339153,0.161952589,0.275228033,0.071600572,11.33420439,FALSE
BM00024,2,12,28,2.849749539,61.78827952,0.111843093,1.045530911,0.050769502,0.465916293,-0.063679285,,TRUE
BM00024,3,11,25,4.964206364,152.4067807,-0.023574087,1.394076364,-0.003784754,0.25879552,-0.164676747,,TRUE
BM00024,4,13,28,3.523826985,85.31505194,0.133865495,1.199066056,0.052030753,0.305439976,-0.048043783,,TRUE
BM00024,5,13,28,76.94626289,698.1744335,2.617256765,5.897806912,0.131463018,0.18878161,0.087097849,11.22462014,FALSE
BM00024,6,13,28,94.58866861,759.0140475,3.226290417,7.903946328,0.140684431,0.225914715,0.096198037,11.71022569,FALSE
BM00024,7,13,28,66.35897051,545.3605151,2.253197835,6.99615782,0.151323304,0.374734364,0.126738967,11.94783344,FALSE
BM00024,8,13,28,61.728479,530.4277804,2.104015191,4.965007837,0.106914744,0.213506101,0.092049196,13.30723176,FALSE
BM00024,9,13,28,112.9837539,1244.384627,4.012401834,8.189738814,0.158054939,0.495905799,0.032568399,5.648169673,FALSE
BM00024,10,13,28,141.9846564,1361.766321,4.834827082,9.12054041,0.135530853,0.270035454,0.071356736,7.273280102,FALSE
BM00024,11,12,25,64.97565603,533.5102053,2.508246667,6.459630435,0.11037243,0.231417105,0.105879571,10.13920438,FALSE
BM00024,12,12,28,66.04299877,698.8106825,2.127941715,4.008803747,0.122765398,0.225179608,0.06700495,9.145791731,FALSE
BM00025,1,13,28,118.0626326,1047.272843,4.024815987,8.58326659,0.148378467,0.296970548,0.072649831,9.478595401,FALSE
BM00025,2,13,28,2.41142105,42.62638944,0.013731367,1.438038667,-0.002610135,0.800738261,0.398631079,,TRUE
BM00025,3,12,28,83.50289653,817.3709006,2.626677353,5.564126535,0.120251367,0.210036196,0.062007092,9.631039012,FALSE
BM00025,4,12,28,95.32100098,973.0861278,3.100653107,5.666591861,0.147882687,0.311561695,0.070547206,7.239163901,FALSE
BM00025,5,13,28,84.25170019,898.2251951,2.971919683,5.02006237,0.151136565,0.43584337,0.057070897,7.654538613,FALSE
BM00025,6,13,28,83.98765452,774.6184929,2.896098193,5.45396966,0.140069195,0.22296594,0.068256633,11.24385322,FALSE
BM00025,7,13,28,1.306777425,28.74211524,0.043403956,0.497254267,0.0504058,0.509770366,0.130778495,,TRUE
BM00025,8,13,28,6.033493606,126.0794968,0.115626377,0.487256073,0.026984882,0.1327195,0.03902619,,TRUE
BM00025,9,13,28,11.19386962,143.1003617,0.357583374,0.672988636,0.07581093,0.328985982,0.026107124,24.47242816,FALSE
BM00025,10,13,28,115.5981946,991.9860955,3.896867905,8.838641064,0.130742589,0.226034639,0.086853333,10.30857487,FALSE
BM00025,11,12,28,129.110877,1439.473168,4.274571229,7.034895157,0.147055784,0.328882207,0.059494331,4.538844074,FALSE
BM00025,12,11,25,1.265724305,41.60197796,-0.020548343,0.248671731,-0.015451356,0.166477776,0.010923784,,TRUE
BM00027,1,13,28,138.0444868,1363.583444,4.861621322,9.722378143,0.14786849,0.277578748,0.061615708,6.030003753,FALSE
BM00027,2,13,28,113.9776734,1270.591306,3.843548028,7.791082442,0.127988974,0.206871197,0.044305956,6.352251342,FALSE
BM00027,3,12,28,3.338483978,80.31342746,0.021792932,1.242716782,0.00393841,0.309060683,0.002782723,,TRUE
BM00027,4,12,28,3.151879379,87.35977487,0.105368185,0.623405332,0.037450712,0.220908892,-0.066894331,,TRUE
BM00027,5,13,28,1.221232475,35.72043082,0.056909222,1.27117135,0.040164491,0.668843331,0.084198212,,TRUE
BM00027,6,12,28,142.4200733,1552.821814,4.670483487,9.029926865,0.104635744,0.156263256,0.059274606,4.026341418,FALSE
BM00027,7,12,28,25.52484287,339.0944717,0.822070597,1.425075863,0.099915124,0.230119833,0.057367741,11.86940538,FALSE
BM00027,8,12,28,147.0181562,1636.24866,4.705435639,9.463887058,0.136167639,0.298461607,0.054700137,4.420051784,FALSE
BM00027,9,12,28,151.2512461,1343.083443,5.002477161,10.84704435,0.146262364,0.266808977,0.080752613,8.412375063,FALSE
BM00027,10,13,28,115.5864963,1055.920979,4.017029016,10.33694822,0.157725959,0.261403121,0.060378775,9.252095119,FALSE
BM00027,11,13,28,129.3528551,1156.721657,4.532876928,8.843774821,0.151580805,0.257714989,0.073953487,9.180175782,FALSE
BM00027,12,13,28,85.10210954,755.4935144,2.878558519,7.40239994,0.144506895,0.329243534,0.10079553,9.869994434,FALSE
BM00028,1,12,28,89.35015134,934.2072003,2.902632529,5.126910489,0.149960308,0.318258232,0.062970391,7.174997607,FALSE
BM00028,2,13,28,230.2891195,2118.446798,8.128294136,18.8306526,0.187311369,0.429997116,0.066179515,7.371129223,FALSE
BM00028,3,13,28,168.5537213,1469.851625,5.890452623,13.12006102,0.169131056,0.300400353,0.074483813,7.240547245,FALSE
BM00028,4,12,28,2.989855194,56.41015131,0.056293054,0.527920888,0.034694878,0.26414452,0.130163198,,TRUE
BM00028,5,13,28,124.6209183,1119.120242,4.29467719,10.29954408,0.147861014,0.259341076,0.094980157,7.984450494,FALSE
BM00028,6,13,28,103.6597108,1136.344579,3.676404512,9.224666299,0.153850013,0.312373043,0.063608192,6.566568597,FALSE
BM00028,7,13,28,112.5078414,942.0072993,3.82990185,8.613515263,0.12931788,0.248602226,0.086982107,10.33032149,FALSE
BM00028,8,13,28,83.05530342,664.7587766,2.893903022,6.832615131,0.158444336,0.300344681,0.094473743,12.01996432,FALSE
BM00028,9,13,28,204.4530461,1908.180917,7.313503019,17.26689663,0.148684389,0.277313423,0.056933939,7.266267992,FALSE
BM00028,10,12,28,2.304905364,83.57764206,0.039671138,2.281203022,0.006799116,0.545492922,0.08325539,,TRUE
BM00028,11,12,28,118.1870792,1021.957735,3.904983418,9.284333065,0.179327293,0.382266994,0.089584663,9.35840784,FALSE
BM00028,12,12,28,159.2209495,1514.495118,5.287766476,9.645624922,0.185661284,0.318645432,0.064143212,7.350172586,FALSE
BM00029,8,13,28,133.3092845,1265.355625,4.623769815,10.18474818,0.142392479,0.22341338,0.068521425,8.225952849,FALSE
BM00029,10,1,0,1.227621638,0,,,,,,,TRUE
BM00030,4,12,28,42.63886942,406.9156653,1.449113321,3.404119507,0.1518815,0.265338144,0.068501709,14.96828154,FALSE
BM00030,8,13,28,134.5580696,1165.232334,4.68996662,9.958600488,0.161849434,0.254550619,0.083688702,8.365175046,FALSE
BM00030,12,13,28,47.30330025,435.8589981,1.593997351,3.953360897,0.130923933,0.249448541,0.096216052,12.21045438,FALSE
BM00031,1,1,0,3.920076938,0,,,,,,,TRUE
BM00031,2,12,28,114.0081383,980.1528229,4.194367722,9.031154476,0.164084303,0.414578974,0.090447649,8.346881211,FALSE
BM00031,3,12,28,69.77852327,590.5968156,2.310523661,5.813782958,0.142725189,0.245218425,0.088125092,12.30211353,FALSE
BM00031,4,13,28,94.74833246,705.6411412,3.176860518,8.921337531,0.140594329,0.271511611,0.110649052,13.04964964,FALSE
BM00031,5,12,28,117.3769226,983.0524727,3.807483716,8.72283523,0.165467765,0.284835076,0.084081045,10.53677271,FALSE
BM00031,6,11,28,138.455909,1341.281943,4.756985963,10.41445571,0.158938378,0.285434823,0.064191937,5.919429813,FALSE
BM00031,7,12,28,45.29146971,344.5390527,1.372858229,4.665230967,0.108957228,0.313293016,0.123211849,16.86844184,FALSE
BM00031,8,13,28,110.6513079,857.2902614,3.77809586,10.37114372,0.144826008,0.22702535,0.110050181,10.57164701,FALSE
BM00031,9,12,28,2.000861872,64.27266084,0.097836354,1.043395974,0.050648765,0.437099045,-0.156691577,,TRUE
BM00031,10,13,28,92.3448446,746.2082603,3.180366379,7.824916607,0.137567852,0.261781757,0.096011999,11.78960053,FALSE
BM00031,11,13,28,69.68866475,682.1919037,2.435932006,5.952240782,0.135752628,0.234945711,0.046524919,11.83203944,FALSE
BM00031,12,13,28,76.90426424,602.3896926,2.614335441,6.964788632,0.124939685,0.239540294,0.105677632,14.10596333,FALSE
BM00032,1,2,2,2.780692162,4.361199401,0.600092461,0.600092461,0.282477021,0.282477021,0.282477021,,TRUE
BM00032,2,13,28,2.663678508,78.77085684,-0.084892181,0.853842577,-0.017727344,0.411753603,-0.02898806,,TRUE
BM00032,3,13,28,158.9694245,1429.382164,5.497712305,11.33598365,0.12845112,0.212144247,0.062843045,8.434442206,FALSE
BM00032,4,12,28,0.514209699,26.12587776,0.028322579,1.057815731,0.015721116,0.768937388,-0.186161451,,TRUE
BM00032,6,12,28,173.2153988,1744.813101,6.203713031,12.69616747,0.172528721,0.597543584,0.066569681,4.134971301,FALSE
BM00032,7,13,28,78.44001762,679.462,2.763057498,6.637619409,0.156697738,0.264608771,0.07313136,11.35462847,FALSE
BM00032,8,13,28,0.548149238,27.33690916,0.059236701,1.626614474,0.048857574,0.899005372,-0.186983698,,TRUE
BM00032,11,13,28,142.0163408,1211.324157,4.929114457,11.25861928,0.132558833,0.273639525,0.072785162,9.216917823,FALSE
BM00032,12,13,28,162.3175395,1551.072068,5.673450136,11.04361239,0.159422504,0.289269663,0.076098625,6.17725817,FALSE
BM00033,1,13,28,116.467881,1028.722286,3.943519504,9.129472567,0.1190014,0.305221314,0.089362239,8.14748074,FALSE
BM00033,3,13,28,69.20298998,634.6448392,2.390430118,5.685421135,0.122128341,0.270398183,0.073725153,10.78606082,FALSE
BM00033,4,13,28,1.898219407,64.02471296,0.079159328,1.209323065,0.035287039,0.353563301,-0.13966619,,TRUE
BM00033,6,13,28,93.73261259,949.4076507,3.25231387,6.682829306,0.14915279,0.273787061,0.064658583,7.549686278,FALSE
BM00033,8,13,28,4.127357469,94.84655685,0.115782336,1.676752118,0.033868284,0.402791929,0.007229675,,TRUE
BM00033,9,13,28,82.18565439,844.1845093,2.908166897,5.228937301,0.176722583,0.494912002,0.061199875,9.295781177,FALSE
BM00033,10,5,9,11.53442409,57.37627002,1.022393689,1.591495522,0.207357895,0.301512413,0.075722463,7.106803656,FALSE
BM00033,11,13,28,79.40876931,807.1864144,2.759575994,4.877010164,0.130119716,0.264003022,0.067882266,8.822187976,FALSE
BM00033,12,13,28,121.2888355,1032.321921,4.145184101,10.02152113,0.120678155,0.205339407,0.088761527,8.795157568,FALSE
BM00034,1,13,28,108.9210563,901.9872794,3.712752069,8.447775627,0.144572161,0.287916539,0.088282092,10.80424283,FALSE
BM00034,2,13,28,116.5716457,951.4596963,4.053322013,9.93733698,0.15388088,0.233251796,0.086221891,9.907399468,FALSE
BM00034,3,13,28,130.4645761,1219.646588,4.535612504,9.320351562,0.123538576,0.212193618,0.069950961,7.761236539,FALSE
BM00034,4,2,2,1.837142333,5.339676911,-0.832696122,-0.832696122,-0.322637793,-0.322637793,-0.322637793,,TRUE
BM00034,5,13,28,61.18698396,490.9723915,2.193003315,5.600103167,0.15779801,0.546847887,0.069250292,15.00337749,FALSE
BM00034,6,13,28,93.91814632,874.6724078,3.210379592,12.45409627,0.125190309,0.224768489,0.086267592,9.301900216,FALSE
BM00034,7,11,28,90.97000252,909.7107947,2.96475381,7.269493357,0.114370392,0.177515074,0.066050029,8.145123562,FALSE
BM00034,9,13,28,22.78360093,269.2488895,0.768871319,2.433702344,0.085280845,0.213264906,0.052075335,16.23458244,FALSE
BM00034,10,13,28,122.9157035,1033.792782,4.071568335,11.26281985,0.128983086,0.35453268,0.107144576,8.380064533,FALSE
BM00034,11,13,28,81.15721916,648.2943698,2.822720473,6.923881059,0.157808424,0.269249253,0.08547192,12.32864823,FALSE
BM00034,12,13,28,46.95767877,559.1153388,1.68905009,4.195597383,0.129395461,0.213413942,0.010001476,11.62195556,FALSE
BM00035,1,13,28,173.6025851,1598.067186,5.990370815,14.07212653,0.156034116,0.3765128,0.092875858,5.783616854,FALSE
BM00035,2,13,28,154.7775878,1477.200361,5.402923944,10.40904694,0.162136088,0.437830704,0.074253433,7.202746387,FALSE
BM00035,4,13,28,97.16636124,921.0080056,3.281653375,6.651005651,0.118021703,0.227115501,0.064028287,10.05365766,FALSE
BM00035,5,13,28,137.0038769,1348.585879,4.792293913,9.903841625,0.138963386,0.2145856,0.062213608,7.463363057,FALSE
BM00035,6,2,2,2.142132719,3.38117728,0.451544079,0.451544079,0.273730682,0.273730682,0.273730682,,TRUE
BM00035,7,12,28,75.3784644,643.361475,2.564996269,6.657000166,0.152110303,0.400878285,0.102602435,12.10588194,FALSE
BM00035,8,12,28,151.7927079,1438.247504,5.32133652,10.77061396,0.15638789,0.29779516,0.073039715,7.108044363,FALSE
BM00035,9,13,28,113.3727937,1160.912652,3.963585103,7.685988926,0.140589793,0.265250597,0.054455331,6.535252798,FALSE
BM00035,10,13,28,135.7567321,1152.220485,4.610093063,13.70390284,0.178643266,0.390508079,0.12024375,8.309443029,FALSE
BM00035,11,12,28,103.6668414,849.7480609,3.32301656,9.414790864,0.140739283,0.205114064,0.106025695,10.73878003,FALSE
BM00035,12,13,28,114.9022688,1069.772321,3.87924427,9.142530037,0.132633009,0.246538639,0.090910855,8.470136038,FALSE
BM00036,1,13,28,136.4052194,1313.869731,4.77592937,10.90195884,0.148876391,0.323536289,0.066827263,7.399918404,FALSE
BM00036,2,12,28,1.143328079,42.14022897,0.077625773,1.235236115,0.055691499,0.444835691,-0.186382485,,TRUE
BM00036,3,13,28,113.2361649,978.407981,3.875753172,9.204575045,0.139673815,0.268404768,0.093176066,9.066243748,FALSE
BM00036,5,12,28,111.3821806,1255.907302,3.688400661,6.547737923,0.130268646,0.341482055,0.058957936,3.96699059,FALSE
BM00036,6,13,28,81.45919618,712.4172396,2.864862975,7.316507034,0.151027377,0.29781565,0.06410569,12.08965702,FALSE
BM00036,7,12,26,129.4222967,1039.553724,4.693367744,12.77758407,0.114786179,0.269304069,0.083623301,8.091234613,FALSE
BM00036,8,13,28,12.11195728,261.1837715,0.269574737,0.772657987,0.035631655,0.14833744,-0.01714323,15.92797666,FALSE
BM00036,9,4,7,4.299162178,23.4879414,0.260382534,0.409570116,0.080277345,0.129310142,0.059666976,,TRUE
BM00036,10,13,28,1.144288736,22.35748876,0.027109563,0.23725134,0.035553479,0.372992836,0.018395862,,TRUE
BM00036,11,13,28,141.8749748,1315.388519,4.823367496,10.54655928,0.146195187,0.284862169,0.084109689,7.024989739,FALSE
BM00036,12,13,28,91.14163302,861.13041,3.117841132,5.90958555,0.145435799,0.268115186,0.072105119,10.20353807,FALSE
BM00037,1,13,28,212.6770425,2106.920569,7.437247348,14.53456446,0.155514417,0.354263225,0.058431371,5.915457579,FALSE
BM00037,2,13,28,180.6384831,1746.353494,5.291871135,32.90455014,0.15749073,0.423905914,0.263565184,6.572460945,FALSE
BM00037,3,12,28,167.7140158,1677.297553,6.09423727,11.76580298,0.13503856,0.33642364,0.05987126,5.472564459,FALSE
BM00037,4,13,28,110.1351537,1041.614319,3.889211023,8.815601155,0.139734844,0.258709767,0.056315918,7.409996447,FALSE
BM00037,5,13,28,133.4099815,1162.56305,4.604935626,9.162566067,0.143768834,0.22216942,0.075308499,9.575470413,FALSE
BM00037,6,3,4,1.436788704,7.060296258,0.046884486,0.468938819,0.034966644,0.280022735,-0.210089446,,TRUE
BM00037,7,11,28,1.783571686,40.83296922,0.079470267,1.246590347,0.043793423,0.541513779,-0.057118481,,TRUE
BM00037,8,12,28,1.116178015,29.18551592,0.004370821,0.263925423,0.003137377,0.250686805,-0.093636697,,TRUE
BM00037,9,13,28,0.94593101,39.75312449,0.04656282,1.696097162,0.016358651,0.620740862,0.059357827,,TRUE
BM00037,10,11,28,135.6519779,1203.355696,4.571292797,9.474866895,0.151971221,0.286574236,0.07838034,7.971005989,FALSE
BM00037,11,12,28,35.49109388,467.8191684,1.1854492,1.832704248,0.098085332,0.155411065,0.033771515,10.21475203,FALSE
BM00037,12,13,28,141.1967774,1230.72208,4.825783128,11.47688498,0.169109346,0.296878381,0.093171277,8.910895107,FALSE
BM00038,1,13,28,109.3342183,886.3655029,3.756195109,10.09736956,0.14867213,0.2545315,0.10814289,9.414188662,FALSE
BM00038,2,12,25,125.3114019,1060.302605,4.895297557,9.315695528,0.137284985,0.295215117,0.072761183,6.809264724,FALSE
BM00038,3,12,28,99.28801617,752.2169332,3.235538805,9.073935323,0.121247858,0.298385903,0.106813199,12.063636,FALSE
BM00038,5,13,28,114.8344295,914.326209,3.927462143,9.887895401,0.132637358,0.26719549,0.09961112,10.63145737,FALSE
BM00038,6,13,28,136.0205671,1138.091663,4.690368022,11.35193389,0.147454903,0.264948467,0.083520393,8.938864691,FALSE
BM00038,7,13,28,139.5173347,1197.156295,4.888999769,10.26237526,0.168605944,0.281731626,0.080011217,8.960610391,FALSE
BM00038,8,12,28,134.7576003,1292.001196,4.435787791,9.524534304,0.128597694,0.240263092,0.057833014,7.320244413,FALSE
BM00038,9,13,28,169.758635,1526.328831,5.828820402,11.88569633,0.136843847,0.221562842,0.078593438,7.526560678,FALSE
BM00038,10,13,28,101.9203268,877.3215322,3.45197173,7.274239779,0.16091048,0.315628685,0.079641044,11.39729665,FALSE
BM00038,11,13,28,88.44122229,836.3348685,3.003292437,6.812249426,0.117495432,0.188435585,0.0713693,9.535108328,FALSE
BM00038,12,13,28,77.58484104,702.0841361,2.620026924,6.572849913,0.113293136,0.231648073,0.082702903,9.623880384,FALSE
BM00039,1,13,28,98.12083473,981.2564558,3.444117309,6.833575826,0.168537519,0.399306811,0.054097021,8.810440974,FALSE
BM00039,2,13,28,99.83789262,908.9217833,3.465417803,6.735789901,0.143820115,0.256849005,0.069753579,9.622744128,FALSE
BM00039,3,12,28,90.06344972,825.127189,2.861299171,6.290704975,0.111170368,0.290044246,0.071951085,11.18891979,FALSE
BM00039,4,13,28,121.6986345,975.9137014,4.174819314,10.26389411,0.137982944,0.235157865,0.0972371,9.587599351,FALSE
BM00039,5,13,28,22.19993104,226.1897399,0.784070627,2.717361935,0.115410453,0.401243561,0.089239261,17.48605904,FALSE
BM00039,6,13,28,93.05330659,982.7567905,3.271398511,6.963391726,0.153739851,0.431113205,0.061297253,6.521513144,FALSE
BM00039,7,11,25,67.7085196,568.2108045,2.861189215,6.744481286,0.171190064,0.304831999,0.111085171,7.973305985,FALSE
BM00039,8,12,28,123.0778621,1161.58259,4.416226014,8.9706781,0.167232884,0.301273646,0.07789309,7.355551012,FALSE
BM00039,9,13,28,135.7664144,1186.003253,4.733123226,10.5946905,0.151024711,0.280090115,0.088904921,9.303656398,FALSE
BM00039,10,13,28,7.778613427,54.58985831,0.250275174,1.208985434,0.093446323,0.328810732,0.209290179,,TRUE
BM00039,11,13,28,90.08529609,791.4395846,3.153409808,7.025861444,0.150559638,0.316746773,0.074458467,10.71926441,FALSE
BM00039,12,4,7,2.603225677,11.47394508,0.240089794,0.441362395,0.138885663,0.20706793,0.20706793,,TRUE
BM00042,3,13,28,143.8601199,1405.531476,4.954046375,9.611992064,0.136513,0.240178235,0.06466977,6.299125081,FALSE
BM00042,4,12,28,154.4108383,1187.861183,5.387796058,15.97134074,0.135037089,0.25020115,0.08271728,9.19607664,FALSE
BM00042,6,12,28,120.2934641,1064.08034,3.880511757,8.260187715,0.141422554,0.257262891,0.076890988,10.77185976,FALSE
BM00042,7,11,26,111.0064645,1037.554652,3.840540582,7.448628713,0.15101427,0.230959789,0.05965881,6.91605759,FALSE
BM00042,8,12,28,82.90255025,1031.215875,2.68953808,4.065667642,0.113628612,0.205630228,0.033291988,5.937284649,FALSE
BM00042,9,12,28,0.66858005,17.93119735,0.006447427,0.187688514,0.009420266,0.417196606,-0.083750104,,TRUE
BM00042,10,13,28,95.03762628,838.2080452,3.30215786,7.294788187,0.146537519,0.315801979,0.072049602,10.02457913,FALSE
BM00042,11,12,28,68.713431,493.8576046,2.184022008,7.015883194,0.107566978,0.310815232,0.120823686,16.05635838,FALSE
BM00042,12,13,28,2.763883047,68.61238645,0.041090288,0.633141794,0.016202273,0.301626878,-0.013924529,,TRUE
BM00044,1,13,28,0.428691971,21.0545599,0.014434161,0.344644958,0.015887326,0.356719092,-0.133255386,,TRUE
BM00044,2,13,28,1.68351057,33.42759652,0.032511127,1.105081192,0.029977197,0.822760894,0.191853146,,TRUE
BM00044,3,3,4,3.776501583,8.976858411,0.529371416,1.002915564,0.205643367,0.378719905,0.378719905,,TRUE
BM00044,4,12,28,94.51168691,850.9629714,3.151298652,7.48844231,0.140346676,0.292649982,0.063948084,11.0715064,FALSE
BM00044,5,12,28,67.79362782,695.8894443,2.2226449,4.212919825,0.134451716,0.267926888,0.057921249,9.176536694,FALSE
BM00044,6,12,28,68.30867719,690.7043125,2.294234582,4.935183035,0.133272775,0.283494344,0.060820434,10.31085201,FALSE
BM00044,7,3,4,0.676832488,2.799749577,0.007610492,0.045936382,0.011504992,0.066448337,-0.043438353,,TRUE
BM00044,8,13,28,1.94284464,66.30062132,-0.000683332,1.225143798,0.000258589,0.348725885,-0.032745925,,TRUE
BM00044,10,12,28,115.1656405,1005.389144,3.996906434,9.577822153,0.1437625,0.264218632,0.095670484,9.513560898,FALSE
BM00044,12,13,28,86.50183164,764.187612,2.908670831,6.771681933,0.128464874,0.215856764,0.089228252,10.71540168,FALSE
BM00045,1,13,28,81.73036159,667.2023433,2.678115195,8.417434019,0.109397095,0.229217528,0.123191107,8.366653863,FALSE
BM00045,2,1,0,0.673194556,0,,,,,,,TRUE
BM00045,3,12,28,107.7255066,929.1741251,3.695149283,8.580662931,0.143510996,0.272916108,0.091022721,9.705873863,FALSE
BM00045,4,12,28,83.07278499,750.6738882,2.814772282,6.646090775,0.120435049,0.277168732,0.078825683,9.836318964,FALSE
BM00045,5,12,28,35.41339831,377.4393656,1.221403344,2.499697324,0.118737664,0.558837504,0.071320122,12.88348928,FALSE
BM00045,6,13,28,140.9896502,1356.61805,4.992217692,13.20268952,0.187887628,0.475235702,0.064613689,7.808134041,FALSE
BM00045,7,12,28,75.70010377,575.4618536,2.523920594,7.191175048,0.180003683,0.522580274,0.11181806,12.42804543,FALSE
BM00045,8,13,28,79.71140111,823.6687348,2.742946057,6.04158546,0.1478074,0.362104058,0.085989195,9.019644498,FALSE
BM00045,9,12,28,63.75256299,738.8577888,2.143812114,3.619453042,0.152955587,0.296364216,0.062238541,8.0104636,FALSE
BM00045,10,1,0,2.092952077,0,,,,,,,TRUE
BM00045,11,13,28,107.228129,930.5886462,3.720528941,7.854065316,0.152927677,0.346266484,0.08270891,9.748317342,FALSE
BM00045,12,13,28,109.9491115,973.4413889,3.839970259,8.050048358,0.15360962,0.33112133,0.080429372,9.461944489,FALSE
BM00046,1,13,28,39.58663565,377.8524966,1.344614138,3.169105953,0.108869338,0.223066049,0.083120757,14.41043338,FALSE
BM00046,2,1,0,0.601482112,0,,,,,,,TRUE
BM00046,3,12,28,134.8193581,1310.927416,4.42484207,7.965426701,0.16277826,0.33879987,0.056317457,8.023902206,FALSE
BM00046,4,13,28,110.5918135,1138.582235,3.839566526,8.859777787,0.131302751,0.244265244,0.049984157,8.269350227,FALSE
BM00046,5,11,28,97.88701687,937.8691564,3.192130029,6.845475747,0.172904931,0.369294779,0.086052637,8.204089774,FALSE
BM00046,6,12,28,110.9683887,998.6528701,4.178147505,8.441534549,0.144272776,0.264497454,0.086349571,8.409025667,FALSE
BM00046,7,12,28,82.08063452,770.3525816,2.502576161,6.379287462,0.121512301,0.260612905,0.088492059,10.89300169,FALSE
BM00046,8,13,28,64.94434102,613.606039,2.218950038,5.429356529,0.112913828,0.313960407,0.07393688,10.32433362,FALSE
BM00046,9,13,28,95.77009264,852.6485666,3.281675697,7.621260396,0.12274349,0.314037611,0.09092508,9.237598737,FALSE
BM00046,10,13,28,91.99628827,901.4261441,3.069544942,6.9049718,0.114382103,0.251655505,0.085037729,9.552340553,FALSE
BM00046,12,13,28,134.7280418,1266.068619,4.748504361,10.02400271,0.140715936,0.280891205,0.084095063,7.095814281,FALSE
BM00051,1,13,28,112.49916,996.4614433,3.876025586,8.257443493,0.159937778,0.261077504,0.082905993,8.325705405,FALSE
BM00051,2,13,28,131.4428069,1189.362663,4.502159107,9.21828875,0.14350715,0.439990254,0.078740681,8.804336661,FALSE
BM00051,3,13,28,115.8022225,978.7864132,4.046250102,10.02038563,0.176281594,0.423454036,0.097470567,9.976207309,FALSE
BM00051,4,10,26,123.9024321,1283.521668,4.698108761,8.068101977,0.152181017,0.387565834,0.065557513,4.734666674,FALSE
BM00051,5,13,28,119.9721636,1164.531777,4.117066187,7.984327982,0.138506733,0.227402476,0.074237262,7.541116678,FALSE
BM00051,6,12,28,116.1016639,1004.821654,3.660770792,9.184020803,0.120173201,0.191554962,0.089824558,9.340349462,FALSE
BM00051,7,13,28,93.86669499,861.7855168,3.208735945,6.244533652,0.136020759,0.226613843,0.070978028,10.00753955,FALSE
BM00051,8,13,28,106.8975662,985.5275968,3.584787083,7.872526215,0.132649529,0.270930517,0.083220925,8.426186935,FALSE
BM00051,9,13,28,1.692099329,57.79916449,0.011638027,0.417955024,0.006001055,0.180868589,-0.087294921,,TRUE
BM00051,10,13,28,2.769807384,53.4160485,0.045949365,0.488160487,0.021456153,0.323343488,0.083519811,,TRUE
BM00051,11,13,28,24.80714626,343.9594171,0.910215641,2.444551154,0.125670243,0.260082779,0.02473845,12.32314314,FALSE
BM00051,12,11,28,7.45353939,85.36298845,0.231165903,1.428055525,0.071010616,0.359577267,0.082146778,,TRUE
BM00052,1,13,28,38.19977852,431.940392,1.302215037,3.432610223,0.104693612,0.259820543,0.057637236,12.27087717,FALSE
BM00052,2,13,28,34.3279554,395.038152,1.190812806,2.753223096,0.11283216,0.297169379,0.042692058,12.75084461,FALSE
BM00052,3,12,26,4.644625555,80.71640771,0.172151472,1.976400103,0.048357815,0.414925082,0.0607412,,TRUE
BM00052,4,13,28,15.21748945,144.1120805,0.524760961,1.92049304,0.100677079,0.385659403,0.117447027,24.06488921,FALSE
BM00052,5,12,28,9.314638815,99.02692218,0.263375207,0.864457952,0.071912308,0.299073904,0.044703141,,TRUE
BM00052,6,13,28,10.37024918,75.00026943,0.303021378,1.584506479,0.066067172,0.259276935,0.204397151,27.76633155,FALSE
BM00052,7,13,28,136.7749663,1273.317196,4.919042568,12.67946485,0.162092817,0.422771291,0.083829972,6.955485004,FALSE
BM00052,8,13,28,99.29243266,756.2904009,3.384362826,9.894715889,0.138356888,0.238324484,0.118395255,11.89396913,FALSE
BM00052,9,13,28,125.1600652,1238.978813,4.304292105,7.95348657,0.180059897,0.413612406,0.070503641,6.445379641,FALSE
BM00052,10,13,28,128.3827522,1275.713382,4.32762572,9.442328485,0.119971214,0.283170997,0.061967014,5.866951899,FALSE
BM00052,11,13,28,151.1432192,1440.828567,5.235279502,12.64820661,0.135815113,0.285588194,0.067695695,7.411593774,FALSE
BM00052,12,13,28,135.3932927,1292.269748,4.614765923,8.828577206,0.135684564,0.236684825,0.066774624,7.909388841,FALSE
BM00053,1,12,28,3.888438537,54.54590935,0.061299705,0.59436994,0.022070116,0.416855666,0.169059229,,TRUE
BM00053,2,13,28,19.07124424,270.4993339,0.574495958,3.248852071,0.062719135,0.277610179,0.070700353,16.38377212,FALSE
BM00053,3,13,28,2.281784507,43.34669122,0.081582625,1.208565413,0.047184229,0.547574589,0.048658514,,TRUE
BM00053,5,3,4,3.369486918,10.82222285,0.311750177,0.352181029,0.115543085,0.117254787,0.117254787,,TRUE
BM00053,6,12,28,21.36707181,140.9835529,0.695963385,2.583192413,0.08189057,0.310479583,0.150165235,22.90550355,FALSE
BM00053,7,13,28,1.475519758,49.87487842,0.027923054,1.3347829,0.011586143,0.506922822,-0.091942614,,TRUE
BM00053,8,12,28,19.63215084,284.4315993,0.518822239,1.22582175,0.054044683,0.17291561,0.069138673,16.36341757,FALSE
BM00053,9,13,28,12.346664,91.11745589,0.340339862,1.778011082,0.057271204,0.381258619,0.188557663,26.68017471,FALSE
BM00053,10,13,28,16.68682633,182.4872859,0.484079317,1.984472624,0.058675102,0.247605698,0.129848828,23.51681708,FALSE
BM00053,11,8,16,37.75524626,217.2419414,2.279003233,6.153568012,0.185110319,0.271289364,0.197241477,7.610547363,FALSE
BM00053,12,13,28,144.9501652,1383.801983,5.153181702,11.33510775,0.15870078,0.320827791,0.052417183,8.18677561,FALSE
BM00055,1,12,28,140.3594143,1223.220254,5.117456434,10.41150748,0.139379443,0.235845533,0.071701521,7.631597933,FALSE
BM00055,2,13,28,92.17944896,769.5152933,3.190790435,7.279271704,0.147439119,0.230076137,0.090124452,11.08744085,FALSE
BM00055,3,13,28,128.6203989,1256.123476,4.514266664,8.995139475,0.17598278,0.457902271,0.064722222,7.349441457,FALSE
BM00055,4,13,28,84.97528703,721.7441981,2.98862917,7.062060362,0.160554341,0.255445255,0.069866624,11.65424153,FALSE
BM00055,5,13,28,95.53897992,888.5939362,3.318724068,7.395334905,0.178726495,0.47404178,0.078784334,9.653104842,FALSE
BM00055,6,12,28,114.8444688,956.7076883,3.866716696,8.786495031,0.159094726,0.314897119,0.086915302,9.634013819,FALSE
BM00055,7,13,28,133.3468392,1199.728989,4.711140555,9.992627561,0.188903749,0.517727969,0.084882952,7.967068397,FALSE
BM00055,8,13,28,131.016917,1170.477031,4.588480648,9.435908153,0.154896086,0.319605376,0.0803598,9.077469968,FALSE
BM00055,9,12,25,123.3876847,971.5954899,4.96536393,10.28188547,0.20963608,0.455778498,0.085505887,8.256325204,FALSE
BM00055,10,13,28,109.8822169,890.4266775,3.818046385,8.662888758,0.183963591,0.444576652,0.089953432,10.99665069,FALSE
BM00055,11,12,28,76.88874841,633.5023288,2.410725843,7.755318953,0.127627489,0.217519134,0.120128453,11.72490853,FALSE
BM00055,12,13,28,106.6188656,832.331795,3.626590832,9.948308108,0.162652094,0.352896758,0.109465065,11.35088748,FALSE
BM00056,1,13,28,3.023305482,72.90356823,0.06430805,0.693163516,0.029952041,0.274233795,0.080884063,,TRUE
BM00056,2,12,28,131.4537588,1101.878196,5.11154949,12.3819757,0.15042526,0.552381365,0.088572024,8.62807272,FALSE
BM00056,3,12,28,135.734914,1198.202302,4.46203509,8.708845122,0.205034297,0.539825289,0.067525161,9.904612698,FALSE
BM00056,4,12,28,223.0113265,1883.462533,7.457705141,21.08429735,0.174489434,0.330470314,0.071166782,7.819769897,FALSE
BM00056,5,13,28,144.4575009,1393.334323,5.107471758,9.355262131,0.155426056,0.333533104,0.072008,7.548088783,FALSE
BM00056,6,12,28,122.7858995,1035.3904,4.035423799,9.228938249,0.163595103,0.23713561,0.08517428,10.18920702,FALSE
BM00056,7,13,28,132.1434813,1159.119983,4.543465799,9.901615757,0.17789719,0.400369202,0.084874795,9.883924362,FALSE
BM00056,8,13,28,104.2151635,869.8343116,3.56273047,9.105634653,0.136150361,0.212654722,0.101324799,10.11297373,FALSE
BM00056,9,13,28,93.51560973,764.719047,3.267327184,7.98185465,0.181844943,0.384658859,0.081533825,12.10236071,FALSE
BM00056,10,1,0,2.39393232,0,,,,,,,TRUE
BM00056,11,13,28,55.98259492,483.8625556,1.941477787,4.15989146,0.154543062,0.440483904,0.075182259,14.30226586,FALSE
BM00056,12,13,28,111.1791154,860.5555086,3.732179385,11.04063718,0.139468144,0.257134621,0.117900204,10.05287748,FALSE
BM00057,1,13,28,108.9202029,967.5670903,3.759955917,9.259315036,0.142244754,0.253259828,0.098137216,9.380458342,FALSE
BM00057,2,13,28,97.7305432,967.320499,3.313813175,8.194360406,0.129292404,0.254373616,0.096578901,6.908211568,FALSE
BM00057,3,13,28,107.7928136,941.9575355,3.735516052,7.777315423,0.159447696,0.259816272,0.079435234,10.03157171,FALSE
BM00057,4,1,0,2.201957077,0,,,,,,,TRUE
BM00057,5,13,28,23.60520143,267.399052,0.823846758,2.542457237,0.106516278,0.386494826,0.058569004,16.56952085,FALSE
BM00057,6,13,28,164.3111402,1364.22988,5.640249452,14.13474722,0.163879098,0.244186511,0.0995014,8.433867152,FALSE
BM00057,7,13,28,99.19248395,839.792504,3.402721545,7.611460701,0.160480954,0.28657584,0.087209368,10.59589978,FALSE
BM00057,9,13,28,100.4202406,926.0101253,3.494476944,7.003503722,0.153112642,0.27491867,0.06430005,9.917529627,FALSE
BM00057,10,13,28,110.0225568,958.9880492,3.775634425,8.681539399,0.165278951,0.382134139,0.090043759,9.87581962,FALSE
BM00057,11,12,28,111.5240709,915.4343342,3.860745186,9.638589875,0.159089205,0.320059003,0.100043425,10.60953946,FALSE
BM00057,12,13,28,102.1333397,897.3817919,3.492902175,8.154662066,0.15286856,0.270245383,0.091272818,9.501454381,FALSE
BM00058,1,13,28,101.876501,881.4503841,3.567837135,7.521182753,0.147579153,0.276471926,0.073525559,10.58972159,FALSE
BM00058,2,13,28,69.65544512,646.6781773,2.459106905,6.629171595,0.144358256,0.459569712,0.063707641,12.36530023,FALSE
BM00058,3,13,28,13.1993743,97.83070071,0.398165239,1.753023464,0.075326976,0.669075654,0.169405959,26.17493926,FALSE
BM00058,4,13,28,103.2614842,1051.118989,3.573338853,6.398549598,0.165851207,0.428295655,0.065863368,6.847937489,FALSE
BM00058,5,13,28,129.2516997,1185.10266,4.523772617,10.07797255,0.147062793,0.263464109,0.05936862,8.749451464,FALSE
BM00058,6,13,28,99.05811275,747.5631314,3.375156699,9.281706421,0.150458025,0.2717147,0.11001046,11.75136382,FALSE
BM00058,7,13,28,47.51702293,372.896886,1.565954737,5.02280309,0.118185895,0.200839109,0.127143435,16.13440746,FALSE
BM00058,8,12,28,79.89678367,623.6120733,2.374205408,6.657902106,0.114273774,0.219817465,0.090551475,13.87411009,FALSE
BM00058,9,13,28,69.79029456,539.5245305,2.396516234,6.920051557,0.143424881,0.251297987,0.117686582,13.22689835,FALSE
BM00058,10,13,28,119.1490819,946.3767658,4.04941315,10.32977869,0.12425167,0.237143688,0.100408345,10.90746898,FALSE
BM00058,11,13,28,17.54098764,183.9000299,0.585145883,1.74003318,0.116285815,0.376640677,0.097630014,20.53029242,FALSE
BM00058,12,12,28,115.6514985,1107.714702,3.900551661,10.11469248,0.152518072,0.237803056,0.056721908,10.1453754,FALSE
BM00059,1,13,28,0.798727476,29.98065043,0.026229118,0.457393491,0.030433527,0.477849164,-0.220450135,,TRUE
BM00059,2,13,28,94.39710233,679.8034239,3.210864674,10.29950373,0.15443461,0.29378947,0.132164219,12.54878515,FALSE
BM00059,3,12,28,1.832968192,45.23520738,0.085410618,0.649275939,0.066218641,0.420387841,-0.081507414,,TRUE
BM00059,4,13,28,106.8128664,858.0733271,3.651651316,8.622532933,0.133039637,0.210710485,0.092435058,11.51036802,FALSE
BM00059,6,12,28,178.4804796,1774.305224,6.2623827,12.34114033,0.175446898,0.325073256,0.077494346,5.656945521,FALSE
BM00059,7,12,28,155.3851164,1473.827121,5.154833413,12.13082694,0.135043964,0.210404248,0.067666507,6.433863409,FALSE
BM00059,9,13,28,71.05209319,654.1797585,2.531883051,5.490477785,0.169413134,0.325519775,0.076759892,10.78517472,FALSE
BM00059,10,13,28,1.179730298,57.49274553,-0.032668048,0.993320353,-0.015752679,0.588922277,-0.226986972,,TRUE
BM00059,11,13,28,100.5417867,1013.599401,3.443750993,6.593153882,0.11970334,0.332789517,0.073020949,8.528183468,FALSE
BM00059,12,13,28,98.38465113,860.8129156,3.381103833,7.024108668,0.142930014,0.281895982,0.080343806,10.56076926,FALSE
BM00060,1,13,28,77.05531837,684.8541205,2.623935672,5.281901919,0.125064832,0.243381893,0.076739779,11.35750283,FALSE
BM00060,2,12,28,118.4095024,1005.148472,4.272639306,10.67442233,0.169645356,0.341832821,0.105106875,8.306177451,FALSE
BM00060,3,13,28,105.1102831,939.1440684,3.696475339,7.897722634,0.18024832,0.535684974,0.064765171,9.841310045,FALSE
BM00060,4,13,28,92.13341918,748.0830343,3.173087309,8.109974296,0.143009339,0.208273699,0.102207991,11.32862748,FALSE
BM00060,5,13,28,112.1265331,1004.508627,3.883514363,7.353011871,0.15019237,0.217902091,0.073022877,9.755801945,FALSE
BM00060,6,12,28,77.83081055,708.2728506,2.411611195,5.542585159,0.117696957,0.194255174,0.080113423,11.03257021,FALSE
BM00060,7,12,28,129.3388495,1130.87621,4.189538895,9.86054307,0.146274467,0.233481844,0.086565421,8.756839674,FALSE
BM00060,8,13,28,51.43667081,454.5532268,1.659450798,5.06690507,0.096918016,0.176522838,0.116766495,13.31737601,FALSE
BM00060,9,12,25,39.59868955,298.0688392,1.523210641,4.304926486,0.122416955,0.185237048,0.07977757,14.90408162,FALSE
BM00060,10,13,28,109.303686,884.5566374,3.807947723,8.489202538,0.172680499,0.335164716,0.08521818,11.11208938,FALSE
BM00060,11,12,25,95.08750228,805.4941402,3.851139935,9.655445927,0.184109392,0.316948407,0.071481855,9.240719479,FALSE
BM00060,12,12,28,133.3718157,1159.880992,4.363163202,12.78681122,0.177183586,0.528518741,0.113048046,8.869423263,FALSE
BM00061,1,13,28,75.12582377,650.9824252,2.59993308,5.802757655,0.147965506,0.324111812,0.087867686,11.94648548,FALSE
BM00061,2,12,28,128.022386,1166.910156,4.107651024,10.54851265,0.134418964,0.213970922,0.094646377,8.146181373,FALSE
BM00061,3,13,28,102.2175921,994.279282,3.539454206,6.523759175,0.145269825,0.307519291,0.067501939,8.260386565,FALSE
BM00061,4,13,28,3.439857771,40.9886982,0.114255725,1.089302464,0.058827881,0.527708413,0.143613318,,TRUE
BM00061,5,13,28,83.0694414,757.9035707,2.9539328,7.835170639,0.165884557,0.379932282,0.061333781,10.32684101,FALSE
BM00061,6,12,28,88.01579311,811.727774,3.032389781,6.488335693,0.147393033,0.253015543,0.07684049,10.01941127,FALSE
BM00061,7,13,28,138.4958677,1179.09639,4.802812564,10.7126727,0.160467916,0.255337359,0.08801038,8.935694535,FALSE
BM00061,8,12,28,71.3689523,654.2151488,2.340461676,6.506634032,0.154695393,0.309718914,0.106508772,9.702460957,FALSE
BM00061,9,12,28,81.71379574,766.1260794,2.647888091,5.949619689,0.142075231,0.416324827,0.082150786,10.03191675,FALSE
BM00061,10,13,28,82.94282295,702.4991301,2.64729889,7.734334908,0.095383164,0.194004952,0.10938424,11.25495816,FALSE
BM00061,11,12,28,124.3451485,1137.478236,4.210120849,9.228478977,0.125587429,0.196098043,0.083954824,7.812022715,FALSE
BM00061,12,13,28,69.32192332,706.361224,2.27052948,5.767238942,0.10934362,0.221486228,0.084165024,9.806136115,FALSE
BM00062,1,2,2,1.556145203,2.488894887,0.311697759,0.311697759,0.255915072,0.255915072,0.255915072,,TRUE
BM00062,2,2,2,2.301595518,4.610799616,-0.00380429,-0.00380429,-0.001650167,-0.001650167,-0.001650167,,TRUE
BM00062,3,13,28,114.4663895,987.7523725,3.954822834,9.247324966,0.153036333,0.315738325,0.092515265,9.761801385,FALSE
BM00062,4,13,28,147.0415858,1160.881478,5.032093427,13.27372843,0.138338486,0.324008933,0.104124395,9.415819936,FALSE
BM00062,6,13,28,111.3338497,954.0223685,3.851379021,9.077622684,0.141433932,0.286324301,0.093505034,9.236099039,FALSE
BM00062,7,13,28,134.2447103,1182.96207,4.684542337,10.46614599,0.159395029,0.294276989,0.078950388,9.101431843,FALSE
BM00062,9,11,28,129.4247769,1101.03333,4.645838946,10.47305087,0.12362809,0.258777804,0.092691657,11.24147988,FALSE
BM00062,10,13,28,31.36380307,365.5973434,1.091518749,2.316009832,0.123257292,0.228319532,0.037504834,14.02557685,FALSE
BM00062,11,13,28,137.2586713,1328.999767,4.740326549,9.094329223,0.168741074,0.326051576,0.073869325,7.580790256,FALSE
BM00062,12,13,28,110.8187904,952.73764,3.801018345,7.974662066,0.156474024,0.298438473,0.081066036,11.07355926,FALSE
BM00063,1,13,28,0.921257272,29.59915009,-0.00276795,0.429512702,-0.002477696,0.488530188,-0.097048485,,TRUE
BM00063,3,13,28,127.9330912,1234.654102,4.411792786,8.637202762,0.133518854,0.254602308,0.065784702,7.891246244,FALSE
BM00063,4,12,28,6.312372365,303.4169931,0.211508123,1.626812744,0.060371873,0.238048416,-0.382431972,,TRUE
BM00063,5,13,28,95.68050471,760.3086694,3.22441706,8.911429252,0.13508337,0.207014731,0.109229276,10.23658971,FALSE
BM00063,6,3,4,2.656663515,7.686806806,0.238495451,0.496466363,0.111216633,0.234004237,0.234004237,,TRUE
BM00063,7,13,28,154.971045,1531.393209,5.382530761,10.1306698,0.168311667,0.401136335,0.072765985,6.120592346,FALSE
BM00063,8,13,28,102.1542059,831.5430957,3.499377887,8.061602891,0.137764173,0.244544449,0.090055696,9.821839899,FALSE
BM00063,9,12,28,85.64220991,782.4246592,2.548398083,6.370248037,0.129560175,0.197324003,0.093014533,9.915192731,FALSE
BM00063,10,12,28,156.0593935,1479.433061,5.394370285,10.78898007,0.13122939,0.18529265,0.068400659,6.625967162,FALSE
BM00063,11,13,28,108.9029297,975.1109988,3.740843783,8.167524156,0.143788182,0.20088802,0.074649434,8.39273324,FALSE
BM00063,12,12,28,108.7644346,1105.741331,3.877957631,8.005084407,0.13670913,0.276777382,0.074009418,8.248060134,FALSE
BM00064,1,13,28,111.1151599,1066.766067,3.863864112,6.989732844,0.173153185,0.350148091,0.06971233,8.764601026,FALSE
BM00064,2,1,0,1.270292272,0,,,,,,,TRUE
BM00064,3,12,28,1.486756306,50.75305857,0.039182417,0.394124506,0.043185241,0.431531713,-0.054674422,,TRUE
BM00064,4,13,28,104.2930043,960.4921231,3.567579417,7.145999807,0.154622854,0.329751602,0.076704045,9.37384014,FALSE
BM00064,5,12,28,96.58669236,982.6542257,3.591893976,7.741976296,0.13279523,0.271056455,0.091683912,6.365380773,FALSE
BM00064,6,9,26,183.941001,1757.520412,7.746491092,13.1122276,0.137727092,0.237133848,0.074078568,3.444878765,FALSE
BM00064,7,11,28,134.043785,1291.252358,4.749696448,10.61937697,0.108713899,0.191516108,0.090458401,5.619928422,FALSE
BM00064,8,9,21,33.16599713,375.8760753,1.219158479,3.488736672,0.112271059,0.246949292,-0.015929991,8.251760087,FALSE
BM00064,9,13,28,1.321926263,53.69723175,0.056446013,1.665657753,0.022928849,0.586954403,-0.011613308,,TRUE
BM00064,11,13,28,132.7592807,1112.52861,4.616536329,10.77477314,0.16229658,0.422554618,0.086306793,9.619110524,FALSE
BM00064,12,13,28,122.5046488,1116.614922,4.222754036,9.47887481,0.169601741,0.381442067,0.088043598,8.71538873,FALSE
BM00065,1,10,28,111.3914971,1063.551888,3.282144868,7.377839783,0.122989352,0.199612001,0.069823342,7.689605644,FALSE
BM00065,2,13,28,138.9964245,1284.33996,4.892687221,11.05803485,0.132854357,0.229512148,0.067188457,8.604742393,FALSE
BM00065,3,13,28,2.026514436,51.8345753,0.065181808,0.511255785,0.042479528,0.305397429,-0.089051993,,TRUE
BM00065,8,13,28,2.078014874,73.79303855,0.057066821,2.353423957,0.011405383,0.537448961,0.030928125,,TRUE
BM00065,9,13,28,117.9024559,1014.026984,4.105601723,9.606520924,0.129880395,0.280234972,0.090584509,10.51771127,FALSE
BM00065,10,12,28,200.210315,1896.737817,6.653573517,15.90803726,0.159147818,0.238487361,0.072298546,6.021508235,FALSE
BM00065,11,13,28,190.3470465,1517.966744,6.60096814,16.78302272,0.14762157,0.271095393,0.087748424,8.637167351,FALSE
BM00065,12,12,28,108.2390386,924.3108869,3.500437492,8.50404462,0.117188289,0.269420116,0.077531806,9.229644999,FALSE
BM00067,2,13,28,142.0036533,1307.197851,4.901589703,10.72377589,0.14053921,0.334798958,0.077288193,7.738122846,FALSE
BM00067,3,13,28,2.166467446,71.34863955,0.07000678,1.664588915,0.029760827,0.399676678,-0.010080093,,TRUE
BM00067,5,1,0,0.953438342,0,,,,,,,TRUE
BM00067,6,12,26,177.5398608,1616.44854,6.85964867,13.96658465,0.141386783,0.251306209,0.062396851,4.798367979,FALSE
BM00067,7,12,28,151.8028413,1236.731679,5.045683111,13.39092073,0.135189564,0.224286124,0.0743907,9.322385457,FALSE
BM00067,12,13,28,2.179478052,81.86761996,-0.032856944,0.751043783,-0.013393257,0.20723501,-0.133773516,,TRUE
BM00068,5,12,28,0,0,0,0,0,0,0,,TRUE
BM00068,8,10,25,0,0,0,0,0,0,0,,TRUE
BM00068,12,2,2,0,0,0,0,0,0,0,,TRUE
BM00071,1,12,28,100.1360578,851.5229576,3.018276501,8.370582566,0.138489124,0.181463883,0.108243379,9.270506572,FALSE
BM00071,3,11,28,125.553677,1385.595183,4.267478028,10.50358388,0.11639668,0.20790134,0.044562139,5.197490709,FALSE
BM00071,5,13,28,120.9238015,1149.492102,4.229870844,8.706115659,0.163462351,0.286715204,0.062756863,7.677535444,FALSE
BM00071,6,13,28,85.97934745,686.2221856,2.981472362,7.720756384,0.142721825,0.351752239,0.095733028,11.72336067,FALSE
BM00071,7,13,28,135.4988654,1316.101107,4.680455084,9.473161469,0.173796032,0.370608827,0.078464276,7.403876116,FALSE
BM00071,8,13,28,97.67302759,854.4716955,3.419341265,7.706642097,0.177114213,0.291712356,0.076075117,11.18891193,FALSE
BM00071,9,13,28,126.5999003,1261.872922,4.308884518,7.892699312,0.14393543,0.291339055,0.069020741,7.893657141,FALSE
BM00071,10,12,28,133.4475458,1235.393601,4.679674847,10.06490171,0.156480028,0.295533569,0.079785947,7.253011991,FALSE
BM00071,11,13,28,111.4950991,895.0903535,3.864752007,9.164390897,0.164420211,0.341760075,0.094380301,10.8925556,FALSE
BM00071,12,13,28,128.0589419,1182.568367,4.454211724,9.94883565,0.155693264,0.23941311,0.068519722,8.25322042,FALSE
BM00073,2,12,28,1.125498438,38.15368981,0.021516733,0.687793687,0.01258087,0.574391204,-0.127087039,,TRUE
BM00073,3,9,18,13.84876189,143.4050453,0.622637901,1.261494476,0.103359828,0.312898281,0.022593837,11.36885687,FALSE
BM00073,4,12,28,137.3000184,1303.781369,4.488418515,9.334221195,0.139182942,0.231177731,0.076032084,7.5991914,FALSE
BM00073,5,12,28,51.64004322,495.6910235,1.622693277,3.309215155,0.125221678,0.384962099,0.071166337,12.86198525,FALSE
BM00073,6,13,28,96.47031105,871.1114368,3.439180067,7.527828879,0.176613496,0.660860217,0.05879598,10.58147538,FALSE
BM00073,7,11,23,3.733808501,95.55686725,0.194264488,3.795008062,0.0448894,0.575853425,-0.083003244,,TRUE
BM00073,8,13,28,28.00865161,379.9481355,0.843140994,2.311970588,0.060868082,0.196233514,0.062596253,10.19914667,FALSE
BM00073,9,4,7,5.820845723,26.20618406,0.730404709,0.928047463,0.285703111,0.540757617,0.096142836,,TRUE
BM00073,10,12,28,72.57361005,683.7054929,2.431537893,5.300963472,0.113301178,0.346978472,0.08207511,9.662718267,FALSE
BM00073,11,13,28,97.73405325,796.6535024,3.417693598,8.121784967,0.15174152,0.25127617,0.094313641,11.06696229,FALSE
BM00073,12,12,28,31.98407636,374.4883818,0.819514751,2.743855507,0.073822666,0.243671519,0.032120544,14.14022356,FALSE
BM00075,1,13,28,119.3954234,1052.593788,4.033573655,10.84170024,0.13968423,0.273565959,0.106008136,9.877508512,FALSE
BM00075,3,12,28,3.855176766,105.0318443,0.104012697,2.25987028,0.022902748,0.402288101,0.049471897,,TRUE
BM00075,4,13,28,83.26568517,775.0577972,2.935148223,6.216033631,0.149595758,0.242735808,0.079281822,9.447026731,FALSE
BM00075,5,13,28,103.777174,944.7137311,3.476363683,8.709575199,0.122400624,0.227524139,0.096684825,9.007802782,FALSE
BM00075,7,13,28,127.1410776,1085.099847,4.422066133,9.506011225,0.158088205,0.241067759,0.084664124,9.764357749,FALSE
BM00075,8,13,28,140.7223766,1326.352195,4.935434563,9.643099615,0.15452441,0.280016595,0.071338918,7.444960726,FALSE
BM00075,9,13,28,111.9723997,995.0872002,3.869555535,9.507568194,0.141806922,0.263392016,0.098002804,9.11086721,FALSE
BM00075,10,13,28,127.0495913,1196.894947,4.508800545,9.279078181,0.175381905,0.569886892,0.065868776,7.552657085,FALSE
BM00075,11,13,28,110.7600417,979.8397257,3.929741213,8.440052144,0.150768154,0.28930782,0.079546476,9.770435935,FALSE
BM00076,1,13,28,48.81266576,472.8574961,1.754947023,4.391000915,0.145330881,0.492863303,0.071433815,12.20035025,FALSE
BM00076,2,12,28,125.4569681,1096.431032,4.444014363,10.76170415,0.152583683,0.224537005,0.099172373,8.519728139,FALSE
BM00076,3,12,26,166.0122263,1451.782146,6.208483482,11.89741425,0.137546135,0.224128762,0.080071517,4.937468951,FALSE
BM00076,4,13,28,157.5812119,1255.58931,5.623860234,16.40270148,0.164279142,0.353099467,0.067870306,9.235870669,FALSE
BM00076,5,13,28,171.2780519,1477.588468,5.963159651,13.48898089,0.155166798,0.298904183,0.089844634,5.594716637,FALSE
BM00076,6,12,28,117.8190145,1114.47322,4.149560923,9.508240203,0.14813456,0.239374761,0.0606502,8.066379516,FALSE
BM00076,7,13,28,84.79367943,674.1654372,2.978662522,7.073916125,0.134581278,0.232992701,0.092826662,12.24772601,FALSE
BM00076,8,12,26,125.3279554,1191.121508,4.573406485,10.75026964,0.114602589,0.151530625,0.099168421,2.530096677,FALSE
BM00076,9,13,28,94.46884142,764.8413918,3.296657983,9.16014908,0.171424518,0.404859972,0.114583559,10.29245539,FALSE
BM00076,10,11,25,33.48643281,403.2137011,1.408242136,4.608448873,0.15819529,0.293801885,0.032789369,10.17625535,FALSE
BM00076,12,12,26,134.4538878,1299.450161,4.940334627,8.862616264,0.121402769,0.173962758,0.069603208,3.787496666,FALSE
BM00077,1,12,28,103.5231451,836.3693684,3.675484637,8.719749087,0.149756816,0.242646772,0.09274387,10.76802101,FALSE
BM00077,3,13,28,143.7737517,1237.740489,5.043950367,12.02562455,0.136466153,0.222145435,0.074167656,9.009215106,FALSE
BM00077,4,13,28,197.2001068,1742.640965,7.055989738,14.59824119,0.178882907,0.330879304,0.067292329,8.116198251,FALSE
BM00077,5,12,26,172.4223335,1906.839111,6.419496709,14.40857317,0.127025906,0.207056887,0.053334801,2.056600702,FALSE
BM00077,10,11,25,159.1012147,1416.440474,6.175900852,15.23426241,0.161859045,0.330169107,0.076151884,5.408700817,FALSE
BM00078,1,12,28,2.752184187,91.46723876,-0.049733244,1.154314681,-0.011319356,0.234809721,0.034822818,,TRUE
BM00078,2,13,28,123.153005,742.4706595,3.145284144,37.50835626,0.119761248,0.816647166,0.816647166,11.21549961,FALSE
BM00078,3,12,26,145.1602374,1358.607757,5.362758663,12.37481577,0.128326536,0.284719589,0.088369294,2.174651052,FALSE
BM00078,4,12,28,123.9452909,1050.309396,4.113057641,11.14585995,0.16104207,0.291957718,0.082224541,8.921070683,FALSE
BM00079,1,12,26,176.9253381,1750.66692,6.695044284,11.71340622,0.165881331,0.370746768,0.065361461,4.133833796,FALSE
BM00079,2,13,28,130.2782448,1107.399749,4.647012889,10.38789518,0.179452101,0.37963022,0.079510514,9.469089098,FALSE
BM00079,4,11,25,1.321625198,45.58766504,0.019791152,0.501717226,0.029340222,0.470283926,-0.370891203,,TRUE
BM00079,7,12,28,109.066998,955.001634,3.680591426,9.029668908,0.181199589,0.566973037,0.090804721,7.878798308,FALSE
BM00079,8,1,0,4.541603714,0,,,,,,,TRUE
BM00079,10,1,0,2.123533298,0,,,,,,,TRUE
BM00079,11,13,28,191.2446703,1815.196476,6.753219561,14.78854607,0.166591813,0.303688142,0.058266905,7.022266425,FALSE
BM00079,12,13,28,169.8108313,1488.022113,5.920413026,15.05383515,0.150779699,0.243154825,0.075572188,6.671191883,FALSE
BM00080,1,12,26,190.1117319,1972.047717,7.333529006,13.43209054,0.148006544,0.307814027,0.054081119,2.577052703,FALSE
BM00080,2,12,28,108.7942108,806.084669,3.608437353,11.32534376,0.143426053,0.285169177,0.124799075,10.99937238,FALSE
BM00080,4,13,28,105.6301087,1040.808584,3.696473614,8.567299678,0.130452455,0.259285312,0.055039476,8.266274675,FALSE
BM00080,5,13,28,130.5780372,1086.527005,4.495801561,10.33615633,0.138237142,0.235840077,0.090371485,10.1183027,FALSE
BM00080,6,12,26,122.1537673,1160.989395,4.555764156,11.28113423,0.128964682,0.319909358,0.099143355,2.433110395,FALSE
BM00080,7,13,28,143.5647395,1372.914081,5.043833005,10.49295382,0.156520692,0.25647656,0.051764035,8.231462277,FALSE
BM00080,8,13,28,141.2048174,1273.950262,4.89645655,10.33277973,0.145181821,0.2099612,0.064979978,8.502015717,FALSE
BM00080,9,13,28,188.8569425,1654.06635,6.61218962,14.52668022,0.161669328,0.228772011,0.069005605,7.164540266,FALSE
BM00080,10,12,28,114.3432622,1187.136223,3.684127847,7.486475437,0.123313717,0.223675248,0.058454608,6.009565393,FALSE
BM00080,11,2,2,2.596731389,4.811753494,0.190854642,0.190854642,0.079495556,0.079495556,0.079495556,,TRUE
BM00080,12,12,26,183.7806927,1794.49439,7.077772116,14.70008302,0.15364188,0.427700925,0.065389913,2.231461351,FALSE
BM00083,1,12,28,136.8818535,1326.268602,4.531408398,9.207109126,0.15171961,0.308525575,0.075127664,7.238070689,FALSE
BM00083,3,11,28,114.4800588,959.362252,3.570189089,9.516936188,0.128462794,0.198764913,0.095625454,10.11285625,FALSE
BM00083,4,1,0,8.132403881,0,,,,,,,TRUE
BM00083,5,13,28,126.8268269,1268.476048,4.325720374,9.147339362,0.139110085,0.276709663,0.081274438,6.747943041,FALSE
BM00083,6,13,28,167.5477323,1478.936752,5.781933362,13.63691206,0.145399904,0.284097885,0.069420528,7.282871103,FALSE
BM00083,7,13,28,92.3747677,837.1152059,3.140910249,7.215402923,0.110022587,0.230591688,0.089001476,8.409866009,FALSE
BM00083,8,13,28,103.7043906,918.2831712,3.543353934,8.131017909,0.132252425,0.233492355,0.089387791,9.391952282,FALSE
BM00083,10,13,28,136.2589833,1350.424623,4.792815564,10.14631271,0.14329875,0.419107768,0.0668574,5.892111388,FALSE
BM00083,11,13,28,131.2912942,1251.305113,4.481685042,9.461722882,0.133878236,0.216103501,0.081200435,5.836163172,FALSE
BM00083,12,13,28,131.2322963,1275.719355,4.478569853,8.939115306,0.123141953,0.214770208,0.076198713,7.429099273,FALSE
BM00084,2,13,28,21.11967313,378.3862664,0.674486017,2.051648902,0.072185839,0.246238243,0.02825756,8.202399288,FALSE
BM00084,3,12,28,33.74761352,419.423092,1.113937572,3.482649914,0.0966735,0.187025745,0.050089775,11.52294188,FALSE
BM00084,4,13,28,1.605960363,56.35173207,0.016254909,1.393901834,0.000441339,0.442470101,-0.065090095,,TRUE
BM00084,5,10,28,3.522782839,81.97348475,0.068733073,1.327891504,0.02565982,0.431143122,0.114678151,,TRUE
BM00084,6,13,28,42.37594989,627.9818578,1.396140808,2.712506472,0.092578787,0.199658238,0.050294264,5.993803039,FALSE
BM00084,7,13,28,11.26005434,234.2365471,0.340869455,0.702990648,0.052656357,0.137253471,0.002394247,16.6325091,FALSE
BM00084,8,11,25,21.89894522,261.4103613,0.826999408,1.854378456,0.102417648,0.164860305,0.048394171,13.01226963,FALSE
BM00084,10,13,28,32.28831784,407.4304135,1.064750226,2.236512327,0.083706847,0.263039209,0.040602529,11.16122669,FALSE
BM00084,11,13,28,74.08692216,894.6026064,2.551055322,5.848051993,0.111612806,0.247169365,0.032793614,7.814542686,FALSE
BM00084,12,13,28,48.00765538,697.2943308,1.637182643,2.599784564,0.102673388,0.302082615,0.008999487,5.750232849,FALSE
BM00085,2,12,25,95.40254569,819.2952061,3.811180114,9.322479761,0.131296066,0.222648226,0.078632572,7.652568706,FALSE
BM00085,3,13,28,85.54113034,785.1127386,2.884679871,6.546040282,0.10955196,0.190861131,0.077504338,10.0535187,FALSE
BM00085,4,13,28,107.3426526,1048.921191,3.750811956,8.120028679,0.132818068,0.203163171,0.0576277,8.200571785,FALSE
BM00085,6,11,26,148.6310702,1450.823024,5.372266436,11.10247667,0.130909067,0.325121089,0.068513124,1.735864279,FALSE
BM00085,7,13,28,159.0271852,1327.848117,5.51373942,13.43222788,0.1452648,0.215351756,0.09740631,7.390723494,FALSE
BM00085,8,12,28,28.63706359,1373.606454,1.927586909,11.8705052,0.076635344,0.23345813,-0.509420285,5.085841499,FALSE
BM00085,9,13,28,148.7923351,1441.347472,5.113526503,9.966027707,0.13323626,0.239667428,0.071623923,5.569028011,FALSE
BM00085,10,13,28,160.3152711,1588.122542,5.661990859,11.46978959,0.154978321,0.258081018,0.05681028,7.463407459,FALSE
BM00085,11,13,28,152.3210546,1632.511918,5.404208423,10.45558012,0.158785621,0.392406793,0.046870228,5.514775669,FALSE
BM00085,12,13,28,126.2585205,1227.352641,4.31731102,8.700884541,0.12195375,0.251204884,0.075717657,5.203785384,FALSE
BM00086,1,13,28,48.92712756,487.7086731,1.73685923,5.252726341,0.116314399,0.24450337,0.066776433,13.21273735,FALSE
BM00086,2,13,28,79.65252264,752.9126696,2.789567027,5.718947188,0.141514353,0.341867673,0.080858752,10.08632211,FALSE
BM00086,3,13,28,91.25260983,804.03422,3.016261971,8.033479747,0.105822303,0.271337041,0.102223449,8.368190171,FALSE
BM00086,4,13,28,145.9437953,1458.320587,5.082740431,11.59295151,0.135684646,0.376007292,0.070491061,3.562218505,FALSE
BM00086,5,13,28,112.8652193,1092.085668,3.773373658,7.842318065,0.101505835,0.17260767,0.077921487,7.659031279,FALSE
BM00086,6,13,28,102.5873852,1014.164946,3.576372519,6.190987888,0.146150535,0.321855104,0.064581201,8.247038827,FALSE
BM00086,7,13,28,84.58086245,879.7775128,2.949281352,5.842059527,0.123541504,0.214884528,0.067193571,6.545813759,FALSE
BM00086,8,13,28,114.2379468,891.8236922,3.886551428,9.599874343,0.116680101,0.214024854,0.094901567,11.5549537,FALSE
BM00086,9,13,28,96.85510553,924.7313709,3.300924045,6.93464134,0.115064291,0.227954219,0.060497891,9.608308759,FALSE
BM00086,10,10,21,18.60152214,207.6917542,0.873294451,2.367334568,0.110535493,0.261213727,-0.052494378,11.83098309,FALSE
BM00086,11,12,28,141.0849924,1468.716582,4.648319129,10.3836606,0.153063616,0.341346677,0.050625105,5.921225332,FALSE
BM00086,12,11,26,116.9309902,994.2324452,4.125200086,11.14688514,0.136028116,0.330724638,0.112284353,4.407648301,FALSE
BM00088,1,13,28,18.94152241,265.2706831,0.656442847,2.781023573,0.070697096,0.21260295,0.046600097,15.79874804,FALSE
BM00088,2,13,28,47.81460986,587.5360737,1.610398669,3.10646697,0.091143596,0.177825151,0.06596206,7.958222386,FALSE
BM00088,4,13,28,13.54658191,250.3709599,0.386733615,2.029931508,0.050126448,0.179605411,0.066642036,16.29877348,FALSE
BM00088,5,13,28,24.1325725,287.4006102,0.830783412,1.61348918,0.110732993,0.390410383,0.046118238,15.51646922,FALSE
BM00088,6,13,28,28.99981743,402.6006489,0.927521338,4.644644938,0.06876262,0.245549179,0.036520964,12.61794225,FALSE
BM00088,7,11,28,31.33598512,400.7486496,0.877558261,2.292043334,0.067922116,0.203466195,0.070212205,10.84167961,FALSE
BM00088,9,13,28,11.87270366,248.0523516,0.341540444,1.382483475,0.053530169,0.186031747,0.02328867,13.49017377,FALSE
BM00088,11,11,26,121.3165107,1110.001854,4.53989478,8.132098808,0.132711835,0.217954709,0.074838271,6.615243615,FALSE
BM00088,12,12,28,26.0592749,401.082864,0.954986364,2.839114828,0.108131564,0.257739969,0.00626632,12.19252468,FALSE
BM00090,1,13,28,132.4383653,1265.312174,4.561648692,9.424701464,0.140505153,0.210211129,0.080049428,7.209952782,FALSE
BM00090,2,12,28,66.69970793,502.2661679,2.147933364,7.729107437,0.109302827,0.159085569,0.142384983,13.33880576,FALSE
BM00090,3,12,28,75.38102789,666.6075484,2.437359579,6.52657736,0.101028323,0.163144238,0.100252844,10.47845928,FALSE
BM00090,4,12,28,136.7139126,1347.142667,4.572087897,8.82776248,0.152480599,0.425997034,0.071771917,6.172677542,FALSE
BM00090,6,13,28,130.773044,1168.323318,4.560501842,10.12052828,0.143660296,0.283516246,0.073450294,9.001593608,FALSE
BM00090,7,13,28,171.9672613,1496.96057,6.037627566,12.55599833,0.174543784,0.278012396,0.082411159,7.678311371,FALSE
BM00090,8,12,28,144.3719373,1194.21211,5.347800609,11.44717379,0.140458174,0.216481213,0.087807902,9.617645056,FALSE
BM00090,9,13,28,164.9538198,1471.942732,5.675510278,11.98826738,0.146218578,0.340132911,0.081979429,8.021814732,FALSE
BM00090,10,12,26,218.1589313,2000.187584,8.389760326,15.66298504,0.150573046,0.289634347,0.069941076,2.378028594,FALSE
BM00090,11,11,26,255.5196939,2131.06037,8.548585792,21.43354215,0.151151986,0.257458468,0.079867885,2.188540307,FALSE
BM00090,12,12,28,117.5583235,933.0077547,3.826421306,11.56267655,0.151427306,0.299571106,0.11655264,11.32833403,FALSE
BM00091,1,3,4,2.530895449,7.362478105,0.383099068,0.45902128,0.23251878,0.326012167,0.139025394,,TRUE
BM00091,2,13,28,93.2819443,746.9192924,3.297845202,8.587592617,0.1883442,0.341061362,0.094396271,12.1712946,FALSE
BM00091,3,2,2,2.379552133,3.427782209,0.665661029,0.665661029,0.409904596,0.409904596,0.409904596,,TRUE
BM00091,4,13,28,79.8383984,644.552247,2.773567429,7.776857038,0.160117923,0.50609505,0.115208469,10.96958128,FALSE
BM00091,5,12,26,150.9081358,1471.206725,5.6126813,9.655326178,0.13858229,0.245524011,0.065799893,3.404018138,FALSE
BM00091,6,13,28,120.9554903,1165.775927,4.049062283,8.67345793,0.123046635,0.239688548,0.067128847,6.461651686,FALSE
BM00091,7,12,25,79.03161474,857.4182545,3.109065397,9.918090425,0.158777805,0.353103819,-0.013070504,7.041944917,FALSE
BM00091,8,12,28,100.7358758,862.1168504,3.158545076,7.529980199,0.166459218,0.525941301,0.084641319,9.845948946,FALSE
BM00091,9,12,26,82.41366865,810.3608099,3.013687887,8.976345206,0.11786045,0.313731936,0.106475824,5.033954981,FALSE
BM00091,10,13,28,149.854967,1342.062549,5.152460586,11.34107207,0.158381928,0.265601545,0.085843075,7.132949519,FALSE
BM00091,11,13,28,128.5640275,1201.297763,4.44036302,10.01343223,0.144533451,0.283518682,0.088709869,7.388882743,FALSE
BM00091,12,13,28,1.294329138,42.80511495,0.005540484,0.653307069,-0.002176967,0.269995484,-0.007612971,,TRUE
BM00092,1,11,26,104.7458201,1145.214599,3.378394251,7.734255466,0.087114106,0.17809221,0.069545206,,TRUE
BM00092,2,13,28,126.1040907,1056.68376,4.32580742,11.04771953,0.128347795,0.210189184,0.101642787,6.909701615,FALSE
BM00092,3,12,26,63.29715622,696.1816407,2.170658919,4.169822439,0.090083677,0.150147199,0.052022223,4.820506585,FALSE
BM00092,4,12,28,65.69359631,630.9858938,2.363025775,5.520558913,0.09309802,0.230963762,0.056479178,12.01982039,FALSE
BM00092,5,12,26,171.6269871,1691.163416,6.283426427,11.21682209,0.114259026,0.188986283,0.063412303,1.64354145,FALSE
BM00092,6,11,28,2.57765339,62.55512333,0.045935331,0.695627192,0.023925958,0.292911322,0.217922905,,TRUE
BM00092,7,12,28,110.9808731,1003.96374,3.529705533,9.144378633,0.127534995,0.17150717,0.094646567,7.89721046,FALSE
BM00092,8,13,28,11.6520414,195.4799417,0.226677694,1.031545092,0.031237321,0.117266219,0.102894757,26.39847873,FALSE
BM00092,9,13,28,123.2012667,1105.9216,4.386420292,9.857516013,0.134842549,0.330174437,0.068668787,9.682692932,FALSE
BM00092,10,13,28,118.6176038,1240.763227,4.0622093,9.253895017,0.128547613,0.244932637,0.068897544,7.562248546,FALSE
BM00092,11,13,28,133.0314348,1224.930053,4.446016367,9.486044698,0.118172626,0.237002407,0.07124986,7.768747203,FALSE
BM00092,12,13,28,5.891782065,133.2083688,0.149451105,1.840489323,0.03000411,0.378913041,0.123735552,,TRUE
BM00093,1,12,28,84.93464177,830.8831956,2.696644555,7.18749629,0.123845002,0.287944137,0.097619168,8.974969295,FALSE
BM00093,2,13,28,2.390201897,72.16243654,0.010315051,0.49427579,0.005387467,0.196766551,-0.021640334,,TRUE
BM00093,3,12,28,198.210669,1891.243455,7.388622146,14.31006549,0.156550668,0.337911123,0.069247079,5.012974579,FALSE
BM00093,5,13,28,130.5096897,1120.544243,4.496874096,10.66196925,0.122920828,0.20354911,0.082452155,9.18260166,FALSE
BM00093,6,13,28,150.2460468,1295.142325,5.188068146,12.08213522,0.139655939,0.329814056,0.086128381,8.405306739,FALSE
BM00093,8,12,28,2.80410044,73.99661444,-0.039170916,0.272557652,-0.015550169,0.096121777,0.039203522,,TRUE
BM00093,9,13,28,26.23527812,183.2166532,0.846355041,3.510578909,0.11999967,0.617227636,0.171072915,21.3489381,FALSE
BM00093,10,11,26,118.9482317,1128.952683,4.148425488,11.14016839,0.136579283,0.25957747,0.079007112,5.450463676,FALSE
BM00093,11,13,28,153.3803512,1368.331516,5.362212367,11.47902027,0.150912179,0.219293943,0.077794333,7.785823502,FALSE
Col-0,1,13,28,108.1800057,943.6691028,3.700843319,9.011349712,0.128218141,0.31825897,0.08866807,8.64579371,FALSE
Col-0,2,13,28,149.5484653,1384.341696,5.181597028,10.65122351,0.142652873,0.250849439,0.08012525,7.255042924,FALSE
Col-0,3,13,28,139.3424958,1215.195657,4.745515306,11.25289896,0.149575118,0.362587457,0.092476654,7.728949182,FALSE
Col-0,4,13,28,161.0523006,1551.534886,5.618274061,9.815112842,0.171101552,0.293089411,0.062629543,7.443914437,FALSE
Col-0,5,12,28,184.789413,1865.515864,6.121263192,11.57247872,0.161913537,0.300747732,0.069367281,4.906327458,FALSE
Col-0,6,13,28,102.772999,854.3086522,3.558645614,8.162186465,0.148379624,0.270759834,0.08857736,10.71600073,FALSE
Col-0,7,1,0,1.88384976,0,,,,,,,TRUE
Col-0,8,11,28,142.225154,1343.163922,4.584504549,10.06697723,0.157650056,0.29993239,0.079565425,7.492719763,FALSE
Col-0,9,13,28,142.6844406,1283.999112,5.071623172,11.55999512,0.169848686,0.411420701,0.07481361,7.287773794,FALSE
Col-0,10,13,28,73.37609299,576.7928562,2.553495939,6.533530411,0.135268473,0.222223773,0.103593389,12.7086463,FALSE
Col-0,11,12,28,124.023882,1009.769689,4.07067144,12.60584755,0.158913397,0.346190184,0.121243475,9.320466055,FALSE
Col-0,12,13,28,124.0847254,1151.697546,4.430765487,8.522706926,0.166029725,0.263522424,0.075573898,8.578233561,FALSE
EmptyVector,1,13,28,1.9426834,54.86318451,0.011820755,0.443431741,0.005614355,0.235590501,-0.064911869,,TRUE
EmptyVector,2,12,25,92.23258806,736.286249,3.725083586,8.511617889,0.167402728,0.309055029,0.084577357,9.135975248,FALSE
EmptyVector,3,13,28,68.6849074,744.6163799,2.349832678,5.738893973,0.108584369,0.202875207,0.037552977,9.477001022,FALSE
EmptyVector,4,12,28,1.374636592,42.64521682,-0.021281058,0.270347158,-0.015143722,0.218262535,0.03218413,,TRUE
EmptyVector,5,12,26,252.486775,2813.447329,9.596047151,15.90616056,0.14321952,0.261392895,0.037504443,1.990948472,FALSE
EmptyVector,6,13,28,163.5053689,1489.810424,5.900339269,12.60175898,0.184080032,0.307025192,0.07104641,7.6599187,FALSE
EmptyVector,7,13,28,1.173498991,31.31091553,-0.002129947,1.052362261,-0.015396515,0.637332743,0.140849082,,TRUE
EmptyVector,8,13,28,134.6620539,1176.695257,4.789806719,10.5346892,0.172539845,0.263233289,0.081710623,8.840851326,FALSE
EmptyVector,9,13,28,1.173938099,25.97165862,0.009985986,0.487249303,-0.004460413,0.334855805,0.037509712,,TRUE
EmptyVector,10,13,28,118.1890503,1015.672955,4.048964903,10.59598764,0.163259697,0.29670976,0.104428401,8.734859264,FALSE
EmptyVector,11,12,28,111.8899949,955.0750501,4.150280936,8.162625209,0.184390437,0.461995105,0.074154376,10.15139011,FALSE
EmptyVector,12,11,28,1.375417306,40.21505694,-0.030397849,0.298535309,-0.02609244,0.33906317,-0.018067917,,TRUE
GFP,1,13,28,134.4597425,1233.929404,4.692621656,8.94661046,0.166394138,0.330613862,0.066818495,9.259393379,FALSE
GFP,2,12,28,93.37666011,795.7630525,3.089049676,7.272673963,0.12929382,0.330115731,0.088708065,9.480399159,FALSE
GFP,3,13,28,148.5212791,1195.94772,5.144202128,11.57602521,0.152082054,0.225367486,0.083346221,9.996117472,FALSE
GFP,4,12,25,127.5240133,993.0204653,5.074040639,10.93881431,0.152766151,0.347560592,0.094103581,7.341114508,FALSE
GFP,5,13,28,154.4721206,1367.434938,5.332022392,13.23830645,0.154315027,0.296374309,0.099065009,8.305050059,FALSE
GFP,6,12,26,105.983028,888.1730068,3.841853297,9.033271277,0.128228013,0.183983705,0.098436837,6.458124865,FALSE
GFP,7,13,28,124.1770344,1218.689002,4.415304721,8.088727699,0.154244667,0.314768503,0.054356642,8.634221479,FALSE
GFP,8,13,28,134.3488281,1053.523514,4.569591182,12.97221479,0.153715856,0.252133509,0.114007912,8.913382662,FALSE
GFP,9,13,28,161.8423894,1330.373323,5.560183546,12.03768433,0.16242586,0.278790888,0.084163828,10.32327463,FALSE
GFP,10,13,28,111.9563868,875.1667212,3.902654724,11.28710026,0.175465983,0.508657506,0.120060752,10.1224199,FALSE
GFP,12,12,28,138.6828761,1279.844062,4.989653281,9.643751099,0.163834317,0.486614162,0.07511031,7.798554382,FALSE
